PNW,0.730502219068803
POAI,-0.8010296022775735
POCI,-0.7303363403783869
PODD,-0.21000166223676547
POET,0.05465540134907289
POLA,-0.7744015213993937
POOL,0.11841535129685711
POR,0.24518719095188382
POST,0.8992190832745013
POWI,-0.7640897408389619
POWL,0.9342912175532468
POWW,-0.5453266418236707
POWWP,0.20466693814962503
PPBI,0.32918979339423643
PPBT,-0.9026887356790839
PPC,0.9513077107571685
PPG,-0.42482599439904234
PPIH,0.5265124613723213
PPL,0.8258854868786679
PPSI,-0.07479127939598779
PPT,0.886273271893963
PPTA,0.8371206657627163
PR,0.7500322317391307
PRA,-0.44090804298107794
PRAA,-0.4082226900184528
PRAX,0.814433132129031
PRCH,0.44271295708460784
PRCT,0.9345111586603341
PRDO,0.8999093745665285
PRE,-0.6540267209284626
PRFX,-0.8403740028834065
PRG,0.828651280616725
PRGO,-0.8094194513600926
PRGS,0.4401191048257716
PRH,0.9089471587016054
PRI,0.9291628953439951
PRIM,0.935163685579316
PRK,0.8895350376775254
PRKS,-0.09172832900094925
PRLB,0.24437862383618728
PRLD,-0.5775959742524912
PRM,0.7393366493934849
PRMB,0.9004220403736787
PRME,-0.8419450964896477
PRO,-0.5652396643017321
PROC,-0.8592887942819872
PROF,-0.6623878646714841
PROK,-0.6885881329014754
PROP,0.342066458546316
PROV,0.6599082613416644
PRPH,-0.8401193430435683
PRPL,-0.6632290605962919
PRPO,-0.6323783067592558
PRQR,0.3081940651917273
PRS,0.8484538034974005
PRSO,-0.7733235690005541
PRSU,0.8327544655041849
PRT,-0.7686887416928706
PRTA,-0.8565630434502183
PRTC,-0.47743204143118523
PRTG,-0.8629865958969614
PRTH,0.7060352071042423
PRTS,-0.9163388724355218
PRU,0.9325784594426951
PRVA,-0.7741868627970997
PSA,0.6814295879988486
PSEC,-0.6049348603387829
PSF,0.860311565175987
PSFE,0.6065649029305084
PSHG,0.3858712735736939
PSIX,0.787733906768696
PSMT,0.9075537535512538
PSN,0.9406904495802878
PSNL,0.5575496890776042
PSNY,-0.8322113603923444
PSNYW,-0.7611982189328349
PSO,0.8983672534223184
PSQH,-0.7876908681413404
PSTG,0.9202849051041913
PSTL,0.3897953061110249
PSTV,-0.6577052197379737
PSX,0.6441252822044964
PT,0.11564185957985265
PTA,0.9284971326979727
PTC,0.8709488535227128
PTCT,-0.030082302810013943
PTEN,-0.7436850918136855
PTGX,0.8887029519279139
PTIX,-0.741626854152845
PTLO,-0.8459120344224285
PTMN,0.6322911106443672
PTN,-0.6852084357210666
PTON,-0.3829720687108743
PTPI,-0.7590617794097052
PTVE,0.6606486389689089
PTY,0.9324062731878098
PUBM,0.2917151218753148
PUK,-0.8709554937743013
PULM,0.2590762552151314
PUMP,-0.07315371134565249
PVBC,0.703242378501428
PVH,0.4856162966994231
PVL,-0.7388885948649974
PVLA,-0.5899854766166873
PW,-0.46254689129022414
PWOD,0.39022880993814363
PWP,0.9289325842172518
PWR,0.9612599348216242
PWUP,0.8180679328936629
PWUPU,0.743409090791032
PX,0.14677800284122047
PXLW,-0.48491616237056806
PXS,0.08742010120342893
PYCR,-0.7838462702596698
PYN,0.37710443201562277
PYPD,-0.7153107036754326
PYPL,0.4007889896755713
PYT,0.9154653414086801
PYXS,0.27556980474753906
PZC,0.1302712412909823
PZG,0.6456807481118676
PZZA,-0.8860293929758223
QBTS,0.42811096698876294
QCOM,0.8402131515864747
QCRH,0.8761326559912708
QD,0.5842910772327601
QDEL,-0.9133025815393844
QFIN,0.7695584833010677
QGEN,0.15156072763313835
QH,-0.5196844160415554
QIPT,-0.9487044140588323
QLGN,-0.9344345744101807
QLYS,-0.028575118738145243
QMCO,-0.18449383863915905
QNCX,-0.07043517168560037
QNRX,-0.6988481491787316
QNST,0.7974750085012706
QNTM,-0.9526299471451251
QQQX,0.8934335435074634
QRHC,0.47501970034615126
QRTEA,-0.53220828887039
QRTEB,-0.7356923319235896
QRTEP,0.7275548825047828
QRVO,-0.1685363307395741
QS,-0.623362519751152
QSG,-0.6833164604815958
QSI,-0.36098328652471634
QSR,0.18518208085312748
QTI,-0.7333720226864686
QTRX,-0.4818845635523829
QTTB,0.354209758599955
QTWO,0.9396195614581397
QUAD,0.6621229306775106
QUBT,0.36986503729617703
QUIK,0.24910850121868766
QURE,-0.4684950979649857
QVCC,0.7767761828562875
QVCD,0.7856503056117188
QXO,0.11904987971147256
R,0.9254192222705677
RA,-0.10081838956576447
RACE,0.9313089495280548
RAIL,0.7375718300482731
RAMP,0.13619949339306095
RAND,0.8063750748912756
RANI,-0.4906986270856026
RAPT,-0.8978142586989677
RARE,0.41455787066689964
RAVE,0.558224611512716
RAYA,-0.5147605044899988
RBA,0.948154538632092
RBB,0.7965014322128274
RBBN,0.4420558981637083
RBC,0.8730400663388516
RBCAA,0.8896229926516885
RBKB,0.5798512590493994
RBLX,0.5014806065964622
RBOT,-0.6948074080317207
RC,-0.7371929824902753
RCAT,0.6161222144853057
RCB,0.9466666324511237
RCC,0.9456506399119721
RCEL,-0.4436173601638124
RCG,0.5734256251809683
RCI,-0.6997167482484196
RCKT,-0.25137772114425905
RCKY,0.46120471513195815
RCL,0.9359820612091211
RCMT,0.3048427601212229
RCON,-0.567962495503108
RCS,0.9118158370050118
RCUS,-0.5348558250108214
RDCM,0.530105496715251
RDFN,-0.05130157411631337
RDHL,-0.5739371908945281
RDI,-0.8337531247376512
RDIB,-0.828207436358276
RDN,0.9293104801846117
RDNT,0.973932733651951
RDUS,-0.8922277191285813
RDVT,0.7611034016441272
RDW,0.7666017184278413
RDWR,0.4706220483893662
RDY,0.8004425226479971
RDZN,-0.8419128154618725
REAL,0.6956066993191671
REAX,0.9345314797187477
REBN,-0.6324443494428446
REE,-0.36252346316668965
REFI,0.9031586545157214
REFR,0.46904766601984355
REG,0.7809597710365913
REGN,0.4724000897674986
REI,-0.4461028991238882
REKR,-0.4577806023005373
RELI,-0.734199184090202
RELL,-0.3948605117868063
RELX,0.9464531994046743
RELY,-0.23036471638514103
RENE,0.9627975764226121
RENEU,0.9363121503248725
RENEW,-0.1389743834561923
RENT,-0.6458474558938098
REPL,-0.5996060492378066
RERE,0.09684982494918146
RES,-0.7332200766096916
RETO,-0.530693929341289
REVB,-0.5316400326189219
REVG,0.9686077121923989
REX,0.6370148227498016
REXR,-0.680776116769894
REYN,0.6342680306945836
REZI,0.7503852933746081
RF,0.7566783551118027
RFAC,0.4384480999165752
RFACU,0.46375733394291696
RFI,0.7641123387099885
RFIL,-0.046591792070672974
RFL,-0.45593094852872923
RFM,0.8656851345353348
RFMZ,0.8792056738678831
RGA,0.9620163840743707
RGC,-0.8259703567201797
RGCO,0.28974851145533215
RGEN,-0.4540379875185782
RGLD,0.6614326560804444
RGLS,0.40831497842847
RGNX,-0.8295042651184122
RGP,-0.9395347271913073
RGR,-0.8746704527993336
RGS,0.03250200349910607
RGT,0.9319145194573019
RGTI,0.3822581203134695
RH,0.32951643763284855
RHE,-0.6701122473841503
RHI,-0.42820237409799594
RHP,0.7285838284305727
RICK,-0.824889728209093
RIG,-0.7738710599357708
RIGL,0.3094518674106589
RILY,-0.785040676446219
RILYG,-0.6057039098676974
RILYK,0.051370086007787155
RILYL,-0.6903830426256639
RILYM,0.5577088613703713
RILYN,-0.5874209871406139
RILYP,-0.6666574953210345
RILYT,-0.6596538647008542
RILYZ,-0.6851121177918728
RIME,-0.6663620203979287
RIO,0.3348333938346092
RIOT,-0.08071564699856303
RITM,0.8795587373441796
RIV,0.9612276109228417
RIVN,-0.5449631137202776
RJF,0.8390128471368941
RKDA,-0.4106977816792139
RKLB,0.5948946706396796
RKT,0.7607250205027412
RL,0.9269689328053886
RLAY,-0.7723467466287477
RLGT,0.08987337100901685
RLI,0.8813698382686325
RLJ,-0.1698740212310585
RLMD,-0.15053369176441259
RLTY,0.8651607536313293
RLX,-0.28210809342380816
RLYB,-0.8222995890125111
RM,0.5263620025791812
RMAX,-0.638504510526823
RMBI,0.7657242450949666
RMBL,-0.659035536933488
RMBS,-0.09063105015420582
RMCF,-0.9122916608891075
RMCO,-0.8316974359470233
RMD,0.5032223507688963
RMI,0.6630436200273114
RMM,0.8079665112399824
RMMZ,0.8604054070978375
RMNI,-0.655463571126214
RMR,0.05104525042085409
RMSG,0.2924918540362578
RMT,0.9148698190655534
RMTI,0.07766284913201435
RNA,0.8376932009256095
RNAC,-0.7628836450148581
RNAZ,-0.6322440190045383
RNG,0.18139850224041237
RNGR,0.5056876187217927
RNP,0.8531354512991979
RNR,0.853062753790251
RNST,0.6160680159111032
RNTX,0.4041942890760454
RNW,0.32299894215926983
RNWWW,-0.7945918541821007
RNXT,-0.5866324666643525
ROAD,0.9318791135070851
ROCK,0.3919986050537821
ROG,-0.8253752800269734
ROIC,0.6625897127444882
ROIV,0.6900678252405846
ROK,-0.25576453141037525
ROKU,-0.027986724979220667
ROL,0.9052734753828966
ROOT,0.8805506118882197
ROP,0.7996800200322561
ROST,0.877662135533602
RPAY,0.3968465506332694
RPD,-0.5678022093307438
RPID,-0.3768407497185832
RPM,0.9016280389678073
RPRX,-0.579449067267322
RPT,-0.8695213308940591
RPTX,-0.8426275955193159
RQI,0.7911625192713018
RRBI,0.4366953027999023
RRC,0.6202558420185852
RRGB,-0.8165946284382527
RRR,0.6389871922084933
RRX,0.5715557163380467
RS,0.671311947249701
RSF,0.9152431651348507
RSG,0.9615791383147333
RSI,0.9419214051102744
RSKD,0.177280790638019
RSLS,-0.6013394472614183
RSSS,0.7240672110707692
RSVR,0.8158736192419603
RSVRW,-0.6220911801017187
RTC,-0.7771256305880286
RTO,-0.5978682725474405
RTX,0.7995537288318869
RUM,-0.11399072248235738
RUN,-0.45247052207145994
RUSHA,0.8687945678731921
RUSHB,0.6105703899506002
RVLV,0.4981371263183196
RVMD,0.9140709277576585
RVNC,-0.7696621752837353
RVP,-0.7669913395914751
RVPH,-0.8775425077389513
RVSB,-0.4034729426428761
RVSN,-0.688006606567957
RVT,0.9200155555498815
RVTY,-0.06448722638784044
RVYL,-0.6090525443263138
RWAY,0.38978823868255386
RWAYL,0.9493672244655007
RWAYZ,0.9469420322173298
RWT,0.5115225729011442
RXO,0.7778287626440807
RXRX,-0.13270430870485042
RXST,0.7420789360293013
RXT,0.445788052980621
RY,0.8732889070562946
RYAAY,0.4267127103489947
RYAM,0.6225003708869847
RYAN,0.9323701327189207
RYI,-0.8113447290550644
RYN,0.08619739386786467
RYTM,0.8723426964283088
RZB,0.8664943452619754
RZC,0.9236877545828661
RZLT,0.8521771982163152
RZLV,-0.6017190310934635
S,0.6401277565533455
SA,0.5903374879067542
SABA,0.7905162292025995
SABR,-0.5074832087134622
SABS,-0.8193435311333002
SACH,-0.6324498922965107
SAFE,-0.3937519942222692
SAFT,0.7385581960767269
SAGE,-0.828378853605468
SAH,0.7358775281200755
SAIA,0.6472950282065673
SAIC,0.621306692080567
SAIH,-0.4880095883326291
SAJ,0.9515942278682097
SAM,-0.6715897019217759
SAMG,-0.1122106846454207
SAN,0.9094288393900343
SANA,-0.06282941501146834
SAND,0.4602012143332957
SANG,0.8332397691380022
SANM,0.8359243629469345
SANW,-0.8507456693763944
SAP,0.9634341417727055
SAR,0.5484512659737382
SASR,0.6318438369708702
SAT,0.9546279064262543
SATL,-0.2217012727041939
SATS,0.5686618047475699
SATX,0.2247833900832212
SAVA,-0.34398715591964624
SAY,0.9535265479047008
SB,0.6878396157210255
SBAC,-0.40142929605645766
SBBA,0.759281235173274
SBC,-0.24734632019918124
SBCF,0.46160043690576924
SBET,-0.7998865392442699
SBEV,-0.8464425054778061
SBFG,0.7073265624184051
SBFM,-0.8560234858935142
SBGI,0.2889721179051091
SBH,-0.09187682855940818
SBI,0.8726068933186719
SBLK,0.36516967888630075
SBR,0.17028022081491584
SBRA,0.912604340164522
SBS,0.8120124204385725
SBSI,0.32194567232550103
SBSW,-0.7904218015918543
SBT,-0.629649297581557
SBUX,-0.38619357806643534
SCCC,0.9481357601339915
SCCD,0.8756415706917828
SCCE,0.7659662057943225
SCCF,0.7626465214405332
SCCG,0.7512449409315887
SCCO,0.8581168795557387
SCD,0.9692904899223277
SCHL,-0.8057266745395557
SCHW,0.6441032444811206
SCI,0.8039890556933951
SCKT,-0.43729123505039375
SCL,-0.6237561252814305
SCLX,-0.6910298468289876
SCM,0.8355493929636326
SCNI,-0.7950729776573232
SCNX,0.5769375438308031
SCOR,-0.7752777513527568
SCPH,-0.8014547978673857
SCPX,-0.9234969110733267
SCS,0.7765257485073772
SCSC,0.9299526594767031
SCVL,0.8450446254748905
SCWO,-0.6506560532271978
SCWX,0.15036161060520528
SCYX,-0.564946460809921
SD,0.0016870005719655501
SDA,-0.22994585808321708
SDGR,-0.6082926437857645
SDHY,0.9405970254082893
SDIG,-0.5004958588784072
SDOT,-0.7655702028341682
SDRL,0.13171887968551282
SDST,-0.4507154081409345
SE,0.633169194753127
SEAT,-0.8980911560749678
SEATW,-0.8854600585066434
SEB,-0.9280323828609754
SEDG,-0.8350006927835261
SEE,-0.41299363871800665
SEED,-0.4816448111243502
SEER,-0.5694407195456443
SEI,0.6410051140177018
SEIC,0.8567825225389156
SELF,0.501197576493156
SELX,-0.9107960734262079
SEM,0.8384382402679327
SEMR,0.8235986582512653
SENEA,0.736529360654917
SENEB,0.7013773161107535
SENS,-0.6520696320154871
SER,-0.8763180424829335
SERA,0.7173170712699125
SES,-0.8313309074294535
SEVN,0.893807178553334
SF,0.9208417021292009
SFBC,0.8546229303663267
SFBS,0.7917546467542904
SFIX,-0.14011065444415502
SFL,0.6661578256468268
SFM,0.9335622305769594
SFNC,0.6787970067090096
SFST,0.37721425561108085
SG,0.9500967377363663
SGA,-0.6235962963145099
SGBX,-0.8891969406583549
SGC,0.826594137595573
SGHC,0.5273352779847403
SGHT,-0.41209019642889505
SGLY,-0.7941295750070774
SGMA,-0.14313768155675158
SGML,-0.8838077236535554
SGMO,-0.11592554875025045
SGRY,-0.6382837319658897
SGU,-0.19160045511552282
SHAK,0.9013501377229091
SHBI,0.3658437822281114
SHC,-0.4887295619264669
SHCO,-0.4350043650833148
SHEL,0.7719066692691346
SHEN,-0.7765851897211106
SHFS,-0.28382748774953404
SHG,0.8517862680578457
SHIP,0.7977607185515629
SHLS,-0.9189252012469771
SHO,0.6342949059384979
SHOO,0.8549857997462216
SHOP,0.7157608392572907
SHOT,-0.03884955842378321
SHPH,-0.7967009081114701
SHW,0.9019567371295568
SHYF,-0.6056683810010277
SIBN,-0.7551908365639594
SID,-0.432255549804969
SIDU,-0.6649432061436286
SIEB,0.3996797981358887
SIF,0.38611152226659007
SIFY,-0.8149581727908585
SIG,0.4645026810086351
SIGA,0.6521635489015009
SIGI,-0.35918715760216957
SIGIP,0.8721600700962652
SII,0.8700227295546304
SILC,-0.7723093470672014
SILO,-0.6741171900725864
SILV,0.847749591644293
SIM,-0.8148785070207092
SIMO,0.18050472611543883
SINT,-0.6289220370371008
SIRI,-0.7303256182656094
SISI,-0.6604199667736725
SITC,-0.4663236701959814
SITE,-0.26725548153147577
SITM,0.6455999218399631
SJ,-0.8852164472423449
SJM,-0.6922441496216608
SJT,-0.8750187489834951
SJW,-0.8170769420461464
SKE,0.647025252878444
SKGR,0.9473906610888035
SKGRW,0.6753881371023769
SKIL,-0.5729481551562372
SKIN,-0.809271541538707
SKLZ,-0.617773847766914
SKM,0.6678816010388898
SKT,0.9111949499421921
SKWD,0.9246897307014607
SKX,0.8544180027810753
SKY,0.7884477078082953
SKYE,0.1487788093109584
SKYH,0.7160873862298581
SKYT,0.07029712683379122
SKYW,0.9676619199523021
SKYX,-0.7595468409959893
SLAB,-0.5514109509810793
SLB,-0.6336745757045682
SLDB,0.30441340734578975
SLDP,-0.6451099637441536
SLE,-0.7075266889026446
SLF,0.8022382491733352
SLG,0.9461285819453958
SLGL,-0.7991944901993964
SLGN,0.4132988453142866
SLI,-0.7401946040933837
SLM,0.9096796189556694
SLMBP,0.9117464352362754
SLN,0.4230791485693781
SLND,-0.8605948860268178
SLNG,0.4266316641256485
SLNH,-0.5253310101722136
SLNHP,0.7888937564864409
SLNO,0.856571209885995
SLP,-0.5014210591727774
SLQT,0.6996899819924807
SLRC,0.9320880697184127
SLRX,-0.8147219369593609
SLS,-0.38180539178225464
SLSR,-0.7777439952214894
SLVM,0.9476750058741372
SLXN,-0.6558387221297877
SM,0.7208894463466761
SMBC,0.7357321496607829
SMBK,0.6689573262202069
SMC,0.9342440388563099
SMCI,0.5211337024352634
SMFG,0.9629902215939994
SMG,0.537301759702762
SMHI,-0.1867261524176738
SMID,0.7034563258182772
SMLR,0.4436384531725551
SMMT,0.8519751166259156
SMP,-0.6201231732998413
SMPL,-0.2416437156894883
SMR,0.6466663237051207
SMRT,-0.7499537394159141
SMSI,-0.8110365176796289
SMTC,0.7483744464973274
SMTI,-0.5553474412708757
SMWB,0.7386614979772982
SMX,-0.41960502310418135
SNA,0.7643342545007045
SNAL,-0.1952337214121044
SNAP,0.19079237929214862
SNAX,-0.7402008272112653
SNBR,-0.6150676979727758
SNCR,0.5281510809791443
SNCRL,0.9429200397754905
SNCY,-0.668068484212703
SND,0.665053662389725
SNDA,0.8346894198977022
SNDL,0.5200226085320436
SNDR,0.1541977079681236
SNDX,-0.23583671092718136
SNES,-0.6835854036027802
SNEX,0.8436263194224818
SNFCA,0.6936620504198583
SNGX,-0.53227867809124
SNN,-0.06358085280625154
SNOA,-0.7352392999111448
SNOW,-0.3774498003576815
SNPS,0.702872363769091
SNPX,-0.775932623586564
SNSE,-0.7026275965954855
SNT,0.6251822246153275
SNTG,-0.013432011106605073
SNTI,-0.7016130849191381
SNV,0.845060265817765
SNX,0.8895993377415471
SNY,0.33132867294405505
SO,0.8894854261394681
SOAR,-0.8856842884649163
SOBR,-0.861105055369294
SOC,0.8466047373124338
SOFI,0.5489716007261882
SOGP,-0.7755584907430519
SOHO,-0.862483464867494
SOHOB,-0.794663155535432
SOHON,-0.7644624076256116
SOHOO,-0.8184133271957593
SOHU,0.3601205812550453
SOJC,0.531615432925084
SOJD,0.6495359060423593
SOJE,0.6788655909788092
SOL,-0.7737786045241516
SON,-0.4313209981288792
SOND,-0.6368809408532833
SONM,-0.6608541157903248
SONN,-0.6519402521077635
SONO,-0.4489774542948137
SONY,0.3981817029499185
SOPA,-0.8153303925347107
SOPH,0.026505326467728546
SOR,0.9750886005068388
SOS,-0.9024657325467463
SOTK,-0.7817163161890998
SOUN,0.6418021422812883
SOWG,0.46099409618211884
SPB,0.8752390436137953
SPCB,-0.6952417859955442
SPCE,-0.866689482165313
SPE,0.9639613209334562
SPFI,0.8083442619928215
SPG,0.9368797928701801
SPGI,0.9084819865700505
SPH,0.807560754448889
SPHR,0.7315348045643538
SPIR,0.7744953038181993
SPLP,-0.47540999438784565
SPNS,0.7423908970797516
SPNT,0.9211795880543592
SPOK,0.7471491220019748
SPOT,0.9549657407918728
SPR,0.45996465840485873
SPRB,-0.6336312483764684
SPRC,-0.7940288170576297
SPRO,-0.46423642743684085
SPRU,-0.80160818991523
SPRY,0.819582163676542
SPSC,0.7033235913846992
SPT,-0.759564163239536
SPTN,-0.6434717659377893
SPWH,-0.8439784482197352
SPXC,0.973964469688636
SPXX,0.9311530244904812
SQFT,-0.41271159204615937
SQFTP,0.36188513004226786
SQM,-0.8367948510519345
SQNS,-0.7922330906734523
SR,0.40996857713930385
SRAD,0.4037649161023277
SRCE,0.8601419977120295
SRDX,0.7444162277061236
SRE,0.7644677752924303
SREA,0.7589848848217079
SRG,-0.8087911983860291
SRI,-0.8155834457990615
SRL,0.3615106278949397
SRPT,0.26257497253571366
SRRK,0.6105623167376792
SRTS,0.6011393567153356
SRV,0.9334197686969229
SRZN,0.0987996251484124
SSB,0.8179655303008407
SSBI,-0.9112643777626673
SSBK,0.7564207877971362
SSD,0.6933301317505138
SSKN,-0.8524271467567875
SSL,-0.9164538444583062
SSNC,0.868325119151602
SSP,-0.8846879629041826
SSRM,-0.8610063479470159
SSSS,0.6702653733589793
SSSSL,0.9548304384788932
SST,-0.7070655245594736
SSTI,-0.8271352229906314
SSTK,-0.7381277824286252
SSY,-0.4913908321372536
SSYS,-0.8034083149990688
ST,-0.5874262268617416
STAA,-0.6823091865367019
STAF,-0.7179246566093129
STAG,0.6177904476681978
STBA,0.7579744046414005
STBX,-0.733079415075314
STC,0.9176974417621123
STE,0.5349686772213783
STEC,-0.8458183393781629
STEL,0.4385614992543984
STEM,-0.8714758890584182
STEP,0.9421955162275599
STEW,0.9515880368333383
STG,-0.045540088301615114
STGW,0.3183083245044219
STI,-0.9233891198489401
STIM,-0.424614922056635
STK,0.9207891322747422
STKH,-0.8383667345761464
STKL,0.07842454153102321
STKS,-0.8248318961080957
STLA,-0.08075869594677808
STLD,0.6769077641422236
STM,-0.8266049472511041
STN,0.8470739996406771
STNE,-0.09451808893274208
STNG,0.5023344750518005
STOK,0.6153119785449036
STR,0.04110420182765622
STRA,0.624316938041989
STRL,0.9441370336157571
STRM,-0.7505796560926683
STRO,-0.5648922355385254
STRR,-0.59151809084862
STRRP,0.8359860513489585
STRS,-0.020708021910681145
STRT,0.832169566637487
STSS,-0.8350424452065164
STT,0.7052412977244769
STTK,-0.031093126384442553
STVN,-0.6128682041631879
STWD,0.7510118439599087
STX,0.9207730249336092
STXS,0.28390190857884007
STZ,0.14477744111081647
SU,0.8833123103779034
SUI,-0.04702697395368159
SUM,0.7987880744073705
SUN,0.6872573600165186
SUNE,-0.8728731538068951
SUP,-0.6128537839704997
SUPN,0.049777622896013264
SUPV,0.8414105601514735
SURG,-0.7514968280449462
SUZ,0.33078038257242687
SVC,-0.9238712656881906
SVII,0.9498481803906207
SVIIU,0.9192144427525585
SVM,0.5168268534096069
SVRA,0.41578393041567413
SVRE,-0.7892247333328526
SVT,-0.0003510945613272808
SWAG,-0.7247635170178722
SWBI,0.387558872111878
SWI,0.9116573750094781
SWIM,0.719808164098069
SWK,0.456050118552445
SWKH,-0.25267814534405314
SWKS,-0.3391117291691184
SWTX,0.5254054006925925
SWVL,0.594299171306638
SWX,0.8889561481055621
SWZ,0.7526727370994756
SXC,0.5743943149810731
SXI,0.8999352191011722
SXT,0.5922456096073212
SXTC,-0.7621452679122913
SY,-0.6885511866099767
SYBT,0.6754093205951529
SYBX,0.17682537345151628
SYF,0.9083287244941268
SYK,0.9197099134869189
SYM,-0.12686101743286596
SYNA,-0.5656758532185865
SYPR,-0.550971463193025
SYRE,0.7711202028414391
SYRS,-0.2605568203933663
SYTA,-0.6806595522600606
SYY,0.5182174233798745
T,0.8052183764426313
TAC,0.30625948737089753
TACT,-0.822606538978588
TAIT,-0.8586679601394865
TAK,-0.7487415465093987
TAL,0.5102660515695764
TALK,0.7350253439644225
TALO,-0.792756645877799
TANH,-0.8695201026402573
TAOP,-0.7770924342780692
TAP,-0.13553496439761512
TARA,0.19983982924182545
TARS,0.8700837881197286
TASK,0.2519138387587292
TATT,0.902280695157798
TAYD,0.8598378896984767
TBB,0.8205438753068545
TBBK,0.7638668739112758
TBCH,0.8782185447618023
TBI,-0.9245365815533604
TBLA,0.1831909392994462
TBLD,0.9479899513579741
TBNK,-0.48136195959085043
TBPH,-0.6630540289010132
TBRG,-0.5178116073225132
TC,-0.8641725493152533
TCBI,0.7124383238239761
TCBIO,0.7907049056084902
TCBK,0.4713173694005533
TCBP,-0.5378836625503425
TCBS,0.6326617494566507
TCBX,0.827294943594877
TCI,-0.700834423149048
TCMD,-0.2695171365839443
TCOM,0.8674671236089985
TCPC,-0.07115839154314596
TCRT,-0.7530204831990722
TCRX,0.5036000694838695
TCTM,-0.7352818367486164
TCX,-0.5682126828343532
TD,-0.21160992796990383
TDC,-0.7609473142873534
TDF,-0.4545074049102691
TDG,0.9566893477594272
TDOC,-0.9236453478224798
TDS,0.8273452444205929
TDUP,-0.6756238134088773
TDW,0.4571179877161714
TDY,0.4273966508183796
TEAF,0.7211477741086134
TEAM,0.35453012093985814
TECH,-0.04041612204318268
TECK,0.6661349199973058
TECTP,0.9582044597328371
TECX,0.6806014285224695
TEF,0.8256986747948674
TEI,0.9094117102366766
TEL,0.8830420503930992
TELA,-0.878914824928679
TEN,0.5410504818431258
TENB,-0.17967267719628963
TENX,-0.6500536906199791
TEO,0.7675620704491696
TER,0.7354565655888085
TERN,-0.3188863649637892
TEVA,0.9418928561120814
TEX,0.08364631970291576
TFC,0.7507405630747137
TFII,0.7577186300314063
TFIN,0.8722573352933416
TFINP,0.8312614582797418
TFPM,0.699980348338474
TFSA,0.8979202948201085
TFSL,0.6069323024194098
TFX,-0.45726694392336525
TG,-0.17411907039864624
TGB,0.7585015701008261
TGI,0.7306576141650374
TGL,-0.7362258615188999
TGLS,0.8395906239826291
TGNA,0.09859646393305037
TGS,0.8745704088806747
TGT,0.24362287780264302
TGTX,0.46501267149414355
TH,-0.803862994052426
THAR,-0.6661760447893847
THC,0.9399758565236843
THCH,-0.8276613777739379
THFF,0.6737098534369136
THG,0.7725912136763857
THM,0.19326112582279065
THO,0.43015089842991516
THQ,0.8955357591096229
THR,0.5393958428024125
THRD,0.8240319039947763
THRM,-0.7156926469681363
THRY,-0.7147181162373446
THS,-0.7960720610075984
THTX,-0.6644810256319862
THW,0.48262482142132035
TIGO,0.8796195957797408
TIGR,0.6046419488789706
TIL,0.49105050445682463
TILE,0.9129311132770317
TIMB,0.2823073558995007
TIPT,0.7717001447472447
TIRX,-0.7890281935015449
TISI,0.7207670270301672
TITN,-0.8894250797307881
TIVC,-0.5203711607328019
TIXT,-0.7848703387833769
TJX,0.9615600081976197
TK,0.6929042623459395
TKC,0.8797067983439883
TKLF,-0.784792311633367
TKNO,0.4859542440443565
TKO,0.7487633367276033
TKR,0.21513467753928736
TLF,0.07671480352089842
TLK,-0.8738137538617602
TLPH,-0.1682626550373564
TLRY,-0.6955367254661244
TLS,0.38054135444287024
TLSA,0.4379307697865951
TLSIW,0.8752222262142998
TLYS,-0.9105999579229214
TM,0.45305400576570876
TMC,0.10614385427702844
TMCI,-0.7953455813243336
TMCWW,-0.18691092061345246
TMDX,0.5652687395412204
TME,0.8154857952883482
TMHC,0.920193666656053
TMO,0.41205232344716336
TMP,0.24329327759666658
TMQ,0.5036940654329431
TMUS,0.9092996148857964
TNC,0.5735204648559584
TNDM,0.3875108301260865
TNET,0.03155366821781015
TNFA,-0.7659143168612035
TNGX,0.08523226272666407
TNK,0.5604619243935975
TNL,0.8668594152616816
TNMG,-0.07469655184337186
TNON,-0.6341339148567098
TNXP,-0.6713690050511132
TNYA,-0.3576304846837633
TOI,-0.5115292101617682
TOL,0.9410948896159453
TOMZ,0.08121554586043123
TOON,-0.6930990280989209
TOP,-0.33718276191859653
TOPS,-0.15710971524936063
TOST,0.7901731252837656
TOUR,-0.5175488469452031
TOVX,-0.9162876409761157
TOWN,0.7837764779215756
TOYO,-0.8175191480225471
TPB,0.8665095719023173
TPC,0.9589612055135659
TPCS,-0.7442780175278617
TPG,0.9056173325782454
TPH,0.8734260140347228
TPIC,-0.6159235410265137
TPL,0.7916576561025838
TPR,0.6468533475452678
TPST,-0.182647965873396
TPTA,-0.20003779667282345
TPVG,-0.6996608830494696
TPX,0.8152444495975381
TR,-0.5761480541026933
TRAK,0.966353187055646
TRAW,-0.8200295930556575
TRC,-0.2999712073824031
TRDA,0.46842433985463866
TREE,0.7745491142898352
TREX,0.4387206014813787
TRGP,0.932008898478268
TRI,0.9265638436014145
TRIB,-0.7925316964020734
TRIN,0.8597756368638274
TRIP,-0.24032600504209592
TRMB,0.7480413262168564
TRMD,0.4994147618907963
TRMK,0.8552918137167415
TRML,0.4176379022362015
TRN,0.9003406318047497
TRNO,0.46344546106126827
TRNS,0.7475791235521319
TROO,-0.5275670890403634
TROW,0.6643689390158446
TROX,0.1651627390171631
TRP,0.8091222105124594
TRS,-0.21814091408256908
TRST,0.5140766097892173
TRT,0.5324129941148495
TRTX,0.8772426374441121
TRU,0.7878856991963723
TRUG,-0.9084427665378467
TRUP,0.3251013050018911
TRV,0.90038601086013
TRVG,-0.7621635966882212
TRVI,0.643301439322489
TRX,-0.47394730534548224
TS,0.5019387225787093
TSAT,0.28168199612702105
TSBK,0.33297824292601935
TSCO,0.9138508365847616
TSE,-0.7387133856429957
TSEM,0.49997671706451474
TSHA,0.5000902368273169
TSI,0.8869194115162197
TSLA,0.4347873788803648
TSLX,0.864689468631334
TSM,0.9811887778763297
TSN,0.6370962269920045
TSQ,0.5727670463429603
TSSI,0.782878809138551
TSVT,-0.5888246409694969
TT,0.9771229520570428
TTC,-0.5763019683426969
TTD,0.9166870855172371
TTE,0.45357146315064384
TTEC,-0.914750279765826
TTEK,0.9205610563566289
TTGT,-0.6012730568997842
TTI,-0.20495382676405832
TTMI,0.8871426843239334
TTNP,-0.8134058401873014
TTOO,-0.5644556659464862
TTSH,0.6968301025937862
TTWO,0.759028059025906
TU,-0.7068553844765006
TUYA,-0.2841503883378964
TV,-0.7867823334796933
TVC,0.8803242128028862
TVE,0.8935056881540654
TVGN,-0.9275293891925632
TVTX,-0.1350988402933545
TW,0.942080061046793
TWI,-0.777547830709461
TWIN,0.11544515923580717
TWLO,0.4808562116271631
TWN,0.9695278746155593
TWO,0.43312371715731907
TWST,0.9013770696713109
TX,-0.27312345529894083
TXG,-0.9228093147582265
TXMD,-0.8495807038412572
TXN,0.8332971409669903
TXNM,-0.06220490264672988
TXRH,0.9696375299087332
TXT,0.6836254329920333
TY,0.9691346327235608
TYG,0.8949478843484969
TYL,0.933508074351093
TYRA,0.6348979360434597
TZOO,0.7633018848929366
TZUP,-0.6980343434464931
U,-0.7380585393027324
UA,-0.001230351086476327
UAA,-0.07657274928883684
UAL,0.6141836227719218
UAMY,0.5347593188679867
UAN,0.288080239640265
UAVS,-0.8350852864038355
UBCP,0.5041203349871749
UBER,0.8274150077529177
UBFO,0.7777123871731508
UBS,0.8855263860201015
UBSI,0.5881122665239538
UBX,-0.7098026816577976
UCB,0.49569452999844027
UCL,-0.7504425085248837
UCTT,0.5779365121869762
UDMY,-0.5209165241398234
UDR,0.6135036900936846
UE,0.8975240894755543
UEC,0.7029945929323163
UEIC,-0.0651474423846724
UFCS,0.08735520164208901
UFI,-0.6623635673550526
UFPI,0.8166735151745135
UFPT,0.9178121833924321
UG,0.558874100282593
UGI,-0.15717553924373576
UGP,0.10543905192962327
UGRO,-0.38596958584813573
UHAL,0.7022393770094718
UHG,-0.7425700069405069
UHS,0.8722354593383012
UHT,-0.24953668055908404
UI,0.3409608580047321
UIS,0.5610555596703273
UK,-0.7512601491096043
UL,0.7977816190905959
ULBI,0.6055519903155232
ULCC,-0.4528144008238035
ULH,0.877842519467038
ULTA,-0.6017028295093328
UMBF,0.8416748542805934
UMC,0.24066460930588413
UMH,0.7985340465455587
UNB,0.54702064926716
UNCY,-0.508847024780233
UNF,0.37697942849899896
UNFI,-0.29486622027483766
UNH,0.6320783059073669
UNIT,0.37329397333727077
UNM,0.8598640141007955
UNMA,0.8805277972494052
UNP,0.7416847239862819
UNTY,0.8201852368840254
UOKA,-0.8359277433402461
UONE,-0.9321871815613778
UONEK,-0.939017136671103
UP,-0.44974795689825686
UPBD,0.5555421124428076
UPC,-0.47376891082217293
UPLD,-0.5000764959298585
UPS,-0.8296517626675814
UPST,0.5725902415575486
UPWK,0.27929895594028226
UPXI,-0.8166802378202784
URBN,0.7727626160882473
URG,0.1330774814850588
URGN,0.13625683663630866
URI,0.9256050285936445
UROY,0.09047230691844865
USA,0.9586458627092562
USAC,0.663752932504897
USAS,-0.264230638258535
USAU,0.7644624158370984
USB,0.7587435164536117
USCB,0.7837994103740471
USEA,-0.09249160632750356
USEG,-0.15402944731395998
USFD,0.9436403758522129
USIO,-0.5323740418485982
USLM,0.9036439897029063
USM,0.8571429350462573
USNA,-0.8815173107681966
USPH,-0.3445613294830061
UTF,0.826212530212366
UTG,0.8409175300184492
UTHR,0.8815723917741213
UTI,0.8950539947803222
UTL,0.6036174036769189
UTMD,-0.9097041822259638
UTSI,-0.8351419244119175
UTZ,0.2875904985071272
UUU,-0.4644984139250109
UUUU,-0.3750512298286632
UVE,0.8118584633504422
UVSP,0.700909603016336
UVV,0.37012324955663223
UWMC,0.7251587926471783
UXIN,-0.7618230664208551
UZD,0.9510708367579884
UZE,0.9514471130870678
UZF,0.9527110531445844
V,0.8830695655467693
VABK,0.45337973366294737
VAC,-0.6421840953604567
VAL,-0.4617861837997922
VALE,-0.7895430257109237
VALN,-0.8646667849655805
VALU,0.07651658217790736
VANI,0.2931018258213776
VATE,-0.8130835129331537
VBF,0.8308098463382826
VBFC,0.6030168306137725
VBNK,0.8916313041840213
VBTX,0.6673497255228565
VC,-0.9060026559579494
VCEL,0.882080856308381
VCSA,-0.7660057681371814
VCTR,0.9515185953089104
VCV,0.8456925235106632
VCYT,0.5882695005622328
VECO,0.6145004868961914
VEEA,-0.6386736930087308
VEEE,-0.9079348040347379
VEEV,0.5636828876953583
VEL,0.926854392918632
VEON,0.8770806340373806
VERA,0.8893619879028632
VERB,-0.6068994418386209
VERI,-0.3294965390766676
VERO,-0.8514816332792873
VERU,-0.4093298023586271
VERV,-0.8629565150124775
VERX,0.9191727032317241
VET,-0.7464613598973755
VFC,-0.16354665178496108
VFF,0.2857744488107744
VFL,0.7126428391457033
VGAS,-0.40903710915089075
VGI,0.9173816159730283
VGM,0.8436702378807197
VGZ,0.31174184887261847
VHC,-0.5535062238181219
VHI,0.6456352761148173
VIASP,0.7735687553351454
VIAV,-0.3302097643813712
VICI,0.3389812603207001
VICR,-0.32002123482747385
VIGL,-0.760233805104843
VINC,-0.17066099045906566
VINE,0.05111159115152689
VINP,0.6886491469078967
VIOT,0.45844139773176645
VIPS,-0.30620409116883174
VIR,-0.6732377961708994
VIRC,0.8701742667177871
VIRT,0.8725503920493985
VIRX,-0.8068194697747194
VISL,-0.21527365904228576
VIST,0.9628605941152238
VITL,0.9055048055631263
VIV,0.3363771135395739
VIVK,0.5677441790987061
VKI,0.8391981631784621
VKQ,0.8512166362674892
VKTX,0.7821483000403224
VLCN,-0.7231300904224736
VLGEA,0.9118543348896982
VLN,-0.3778503298885125
VLO,0.5355377074657598
VLRS,-0.6398204100529008
VLT,0.9443089007883472
VLY,0.03002940128634876
VLYPO,0.8430645352933293
VLYPP,0.8174105507454987
VMAR,-0.8675439152061288
VMC,0.8728941604527208
VMCA,0.8973185499669015
VMD,-0.3202884831380557
VMEO,0.6781657659958392
VMI,0.32876603985845115
VMO,0.8405736397200345
VNCE,-0.5436155849260315
VNDA,-0.31107191354575375
VNET,-0.0017944075727719284
VNO,0.8534919260182295
VNOM,0.9383267437268894
VNRX,-0.7528916546539492
VNT,0.7086838873543196
VOC,-0.873240768568351
VOD,0.07790403879940334
VOR,-0.8290809545205448
VOXR,0.33979561313881484
VOXX,-0.754035142019193
VOYA,0.5107479851183284
VPG,-0.8199098732168912
VPV,0.8872614449210562
VRA,-0.344483087444564
VRAR,-0.6887101057150924
VRAX,-0.5754735500184149
VRCA,-0.4653789110997035
VRDN,-0.4166970078196835
VRE,0.25180006099789604
VREX,-0.7990261991712705
VRME,-0.10331998949300275
VRN,-0.19598905205439612
VRNA,0.5845878602075062
VRNS,0.8424374690114982
VRNT,-0.3722439798034016
VRPX,-0.9046129407746337
VRRM,0.8617533625619832
VRSK,0.8801681797492393
VRSN,-0.6952046502036209
VRT,0.9590390896694293
VRTS,0.6469330219768482
VRTX,0.8941281486263175
VS,-0.7154790582274859
VSAT,-0.8423092984917396
VSCO,0.14347895424638812
VSEC,0.9562245925744599
VSEE,-0.7267688504188156
VSH,-0.6081087722796248
VSSYW,0.5805202457301065
VST,0.9320558525146998
VSTA,-0.7473401568483782
VSTM,-0.4390633723540019
VTAK,-0.6922853521186422
VTEX,0.6052781474221941
VTGN,-0.38680006972665043
VTLE,-0.6758669254899716
VTN,0.872279677780229
VTOL,0.8239385845506458
VTR,0.8081106582193822
VTRS,0.7460376274606028
VTS,0.872009608996161
VTSI,0.20996892167321712
VTVT,-0.5245342491607032
VTYX,-0.7758469390416756
VUZI,-0.6466948449980998
VVOS,-0.6369549805836936
VVPR,-0.6589941231473678
VVR,0.8836371605222567
VVV,0.6536441553737385
VVX,0.5983880893813559
VXRT,-0.16504043023801165
VYGR,-0.45635251277914174
VYNE,-0.5546147215292822
VYX,-0.5733270271279813
VZLA,0.8227271094722572
W,-0.053291501516071295
WAB,0.9663478084772567
WABC,0.5761928006158744
WAFD,0.5646444545113132
WAFDP,0.6864530336352587
WAFU,-0.6921069273014385
WAL,0.8028320555406439
WALD,-0.8844547896613607
WALDW,-0.7959858950734456
WASH,0.3340391381504269
WAT,0.6824234479442945
WATT,-0.6904711513612184
WAVE,0.6193254738520778
WB,-0.6879076646547335
WBA,-0.929225054935523
WBD,-0.7756167601653018
WBS,0.6364066922533099
WBX,-0.7858646997520563
WCC,0.6519632249786487
WCN,0.9481438663540153
WD,0.7861557309077593
WDAY,0.4496858261948074
WDC,0.8865482561482633
WDFC,0.7627156239408982
WDH,-0.6417728716936517
WDI,0.9542375048768792
WDS,-0.851889991512282
WEA,0.871493557261015
WEAV,0.7273891288014703
WEC,0.4361523336471576
WELL,0.9400784044111404
WEN,-0.7037188393393767
WERN,-0.7025365694268642
WES,0.9701992360510897
WEST,-0.7357460780703385
WEX,0.07135708241484885
WEYS,0.8724018019358991
WF,0.902291735546945
WFC,0.9132153310802159
WFCF,-0.7849079492373945
WFG,0.7134902482856882
WFRD,0.46248527612408863
WGO,-0.3703960202716218
WGS,0.8230593992020537
WH,0.662308428591474
WHD,0.8001423123814443
WHF,0.4596529192732559
WHG,0.7931101279799259
WHLR,-0.6967431375173057
WHLRD,0.8980086856795957
WHLRP,0.7997855869761489
WHR,-0.5192771260104097
WIA,0.8624847630142152
WILC,0.09976662552418063
WIMI,-0.06905639842626624
WINA,0.48606127632646773
WING,0.8390317140138562
WINT,-0.6231717747104282
WINV,0.9164565947373745
WINVU,0.6826667021146005
WISA,-0.5386550606564614
WIW,0.8693037365267997
WIX,0.9250070048584516
WK,-0.40960346566217437
WKC,0.7032413039048493
WKEY,-0.18193736385704604
WKHS,-0.7851484881189593
WKSP,-0.7088725421923633
WLDN,0.9322338709246223
WLDS,-0.5830987648717753
WLFC,0.7817447385589956
WLK,0.5279315131802229
WLKP,0.8840989561929192
WLY,0.7336336087250132
WLYB,0.7179296149574997
WM,0.9294203424120177
WMB,0.9321653941970012
WMG,0.10504732163080753
WMK,-0.1751195041227059
WMPN,0.5219832598918617
WMS,0.6865537998074698
WMT,0.9296048466610829
WNC,-0.6182224861293881
WNEB,0.4156339919215312
WNS,-0.7931958353313492
WNW,-0.8249759577696575
WOLF,-0.8782619045421186
WOOF,-0.5791281348113324
WOR,0.25891945708303354
WORX,-0.7056883534323488
WOW,-0.624366389668863
WPC,-0.46854256132868316
WPM,0.8558361017481724
WPP,0.029445183287245883
WPRT,-0.757760680962034
WRAP,-0.09626313015943157
WRBY,0.7381370161166563
WRLD,0.23304687724400144
WRN,-0.7173002640915537
WSBC,0.53951251486965
WSBCP,0.8780239016752093
WSBF,0.29989315671761535
WSC,-0.6789512252341957
WSFS,0.7793199656711994
WSM,0.9195348747380226
WSO,0.9493811588354585
WSR,0.9341751177464983
WT,0.9585854894250178
WTBA,0.5769995726506267
WTFC,0.8713259829432182
WTFCM,0.8773656841832015
WTFCP,0.8779329762599964
WTI,-0.90335740839368
WTM,0.9164447197940447
WTO,-0.38526289385080026
WTRG,-0.06661177903403044
WTS,0.7146331319139062
WTTR,0.9092057152475971
WTW,0.8684466650910131
WU,0.2862014656226994
WULF,0.8769515833208812
WVE,0.743742679527565
WVVI,-0.935153861738224
WVVIP,-0.9009901418061458
WW,-0.7913263020991205
WWD,0.9344263219374443
WWR,-0.5948876740612781
WWW,0.5200706758785303
WY,0.10539068425626708
WYNN,-0.5332932835972614
WYY,0.8811151470365541
X,0.5080614482309522
XAIR,-0.8319657578415276
XBIO,-0.08648225677322814
XBIT,0.618204253197997
XBP,-0.7919069234964825
XCUR,0.19805630919882988
XEL,0.1203667367409562
XELB,-0.49477663606391503
XENE,0.3041523835526705
XERS,0.6273540537292221
XFLT,0.8936837249274319
XFOR,-0.5706163619943767
XGN,0.31438191436535046
XHG,-0.6440589132904199
XHR,0.7865582253698574
XIN,-0.2919275956749759
XLO,-0.7434115009807976
XMTR,0.13167380728072864
XNCR,-0.4402235253745819
XNET,0.32319335305821956
XOM,0.6830233891070284
XOMA,0.8505757312462076
XOMAO,0.9363797682719672
XOMAP,0.9355217660027163
XOS,-0.7413048354870766
XP,-0.15950396940216371
XPEL,-0.7929046604722617
XPER,-0.5573762829656044
XPEV,-0.26167776397946396
XPL,0.45118499881736485
XPO,0.895425958604989
XPOF,-0.6026590875935205
XPON,-0.9166420486921477
XPRO,-0.327477525890503
XRAY,-0.9030996925366201
XRTX,-0.7707303892381465
XRX,-0.6373779980545001
XTIA,-0.6101664179420874
XTKG,-0.6161399167764958
XTLB,0.6924241700724433
XTNT,-0.5368015546229653
XWEL,-0.6917049265550329
XXII,-0.6577780430398542
XYF,0.767243555203328
XYL,0.8122522737555505
XYLO,-0.916605389423248
XYZ,0.43330264738712987
YALA,-0.290213133528821
YCBD,-0.5332057939347835
YELP,-0.018670484348824488
YETI,-0.3146511434897167
YEXT,-0.4487796314961776
YGMZ,-0.8487226968672638
YHGJ,-0.7803181486696599
YI,-0.8047242380282166
YJ,-0.6331757110469829
YMAB,0.6641573447124509
YMM,0.7573476259285297
YORW,-0.6414439560296141
YOSH,-0.57634797452376
YOTA,0.9257059480590581
YOTAU,0.5764598437609929
YOU,0.3489913227340836
YPF,0.8292885966082564
YQ,-0.7774288879221409
YRD,0.8625320254667347
YSG,-0.622433558434746
YTRA,-0.7825348097713393
YUM,0.5327579601781193
YUMC,-0.6444485520078681
YY,0.28638895852481977
YYAI,-0.7181996555410107
Z,0.6464853703376475
ZAPP,-0.6034683752122211
ZBAI,-0.7015287393217017
ZBH,-0.6381342119792873
ZBRA,0.7476577281356211
ZCAR,-0.9058403942989841
ZCMD,-0.8806342989067643
ZD,-0.8025251893000475
ZDGE,0.6054817226071371
ZENV,0.6654634279096798
ZEO,-0.9372786303985549
ZEPP,-0.8279355316182082
ZETA,0.8412198247415704
ZEUS,-0.3924626590155511
ZG,0.6386167266941362
ZGN,-0.6811687580974618
ZH,-0.8726579540209514
ZI,-0.8344022629678673
ZIM,0.6483987070668028
ZIMV,0.6471540747229662
ZION,0.785628799756171
ZIONP,0.9133684376449307
ZIP,-0.8561976812587847
ZKIN,-0.4704133318755487
ZLAB,-0.5334687299101167
ZM,0.16161198744305522
ZNTL,-0.865987460457587
ZOM,-0.8026596765844048
ZS,0.5528067856979204
ZTEK,-0.8068337908237233
ZTO,-0.48440581423175977
ZTR,0.6624638113739121
ZTS,0.17662413584748168
ZUMZ,0.2987322077368197
ZUO,0.1996175054838894
ZVIA,-0.5012067624272541
ZVRA,0.6969062352872497
ZVSA,-0.5661996676306489
ZWS,0.8753508261715761
ZYME,0.7373725745429757
ZYXI,-0.37396079032265633
