PODD,270.2238329569499,11.30176331971344,1.4956867194508625,1.2465928533415487,0.36666666666666664
POET,4.820499988396962,0.892762434269806,4.4324448506045675,5.70743079737205,0.6166666666666667
POLA,2.944333322842916,0.255175542786682,4.800319145263608,7.691744049343539,0.5666666666666667
POOL,342.7212290445963,9.75728723553921,1.194515814324294,0.8568545413383936,0.25
POR,42.820624415079756,1.344773892312735,0.9881582233218023,0.687897369345169,0.16666666666666666
POST,111.22866694132487,3.5525372898076357,1.1062421633715722,0.7487448990752195,0.21666666666666667
POWI,61.085615221659346,2.2570971331496046,1.7401591827701166,1.3015530268913684,0.43333333333333335
POWL,218.5423110961914,37.96736250437078,2.6369159016533343,2.3154586742187875,0.5666666666666667
POWW,1.4781666656335195,0.2702498349809176,3.6914174232102486,2.7952411779599,0.6833333333333333
POWWP,20.429944610595705,1.211801006440079,2.2356056264325876,2.1335470866462547,0.5
PPBI,24.311098766326904,1.3111264978148638,1.656827573989798,1.2488240277350486,0.4166666666666667
PPBT,3.418766677379608,0.5200143488156079,3.6985245864717395,4.800685292306001,0.5833333333333334
PPC,49.21566658020019,3.419099541987195,1.7942569044980916,1.5986293044767215,0.38333333333333336
PPG,116.50040473937989,3.644694804206046,1.1409651416846989,0.8726896573100243,0.23333333333333334
PPIH,14.546666638056438,0.9632075553607854,2.7911604227031583,3.3584799937644148,0.55
PPL,33.17512219746907,1.0828319468088234,0.9453471734393488,0.6949974728136665,0.11666666666666667
PPSI,3.779633351167043,0.35413947007387764,2.1882590151067314,1.9355935708484124,0.48333333333333334
PPT,3.551789430777232,0.04504500792606965,0.4762064246484029,0.38694521723098446,0.016666666666666666
PPTA,10.822166697184246,1.4920711458600808,2.9279539824994094,2.085572318248584,0.6833333333333333
PR,14.311500040690104,0.9123811575588208,1.4886562168090018,1.225137158370871,0.3333333333333333
PRA,15.239000002543131,0.574893383968988,1.4569394984909385,1.5789504807204928,0.38333333333333336
PRAA,21.324666595458986,1.332099194880526,1.8541968870605183,1.7075855403210678,0.43333333333333335
PRAX,69.31583290100097,16.28390700325776,3.038004228195407,2.784490899878638,0.6166666666666667
PRCH,5.109166657924652,0.8213317980373082,4.846689191168543,6.054403478118635,0.7833333333333333
PRCT,72.58274955749512,9.254256462968804,2.398718078104438,2.0002809007426325,0.55
PRDO,26.7510066986084,1.2783485959699796,1.4162920410945836,0.8541126342281264,0.36666666666666664
PRE,5.365549993515015,0.41180102216817516,2.4561998266937786,2.7038639303600456,0.5166666666666667
PRFX,3.343416666984558,1.1321456306090747,9.892735111548971,28.410094353985208,0.7666666666666667
PRG,37.9910592397054,6.672362066685642,1.5480592443232695,1.3131528507492183,0.35
PRGO,25.554666614532472,1.4496568675105312,1.4428669270291958,1.2222483977196872,0.3
PRGS,59.464833641052245,4.55791829151097,1.0700120674142317,0.9193955636994239,0.16666666666666666
PRH,24.869360160827636,0.22848201343999525,0.4417290548526401,0.5001012202938115,0.016666666666666666
PRI,281.08446299235027,8.184705690650729,1.1062147741519537,0.7675871945237712,0.25
PRIM,75.45298830668132,6.726068599110689,1.7062861607995452,1.4028751861375788,0.38333333333333336
PRK,167.38256403605143,6.4902376362958645,0.9868933772533613,0.9661025714371569,0.2
PRKS,52.98516667683919,2.847498976806441,1.7725592470494402,1.535586801778204,0.38333333333333336
PRLB,40.22133337656657,2.351032068252331,1.597416604784125,1.1861471520272056,0.4
PRLD,1.0089666694402695,0.20269969169624333,6.149017208923947,8.434639857621555,0.7833333333333333
PRM,11.83533328374227,1.4272589553374402,1.7772215377093432,1.4361183659137184,0.5
PRMB,32.14171311060588,1.1435273315828762,1.6322635005466866,1.11747584096517,0.5
PRME,2.7167500058809915,0.3736150405810787,4.076195108679905,3.3431192365401574,0.75
PRO,23.72883332570394,1.887096570952341,1.6578522200125605,1.5012486455096887,0.35
PROC,1.603845003247261,0.6417917586559093,5.931276587715586,12.158041656701302,0.4
PROF,7.011266644795736,0.48287698586751643,2.380973238388754,2.2253958007247796,0.5166666666666667
PROK,1.521316663424174,0.25702642886039206,3.7792784805216324,2.9801528370408024,0.7
PROP,7.5837500174840295,1.019159677221227,5.024061669780284,6.43899352313365,0.75
PROV,15.471458053588867,0.5760023839459179,1.2315830636317429,1.5530484932605115,0.26666666666666666
PRPH,0.5056666634976864,0.1577589597310255,8.989591790945449,12.291697525501299,0.8
PRPL,0.9333833277225494,0.14747419297785955,4.253031055661325,4.58847173194689,0.7666666666666667
PRPO,6.674333373705546,1.0081082271738941,3.6060635059498187,4.321949278953131,0.55
PRQR,2.330500004688899,0.2856056478739238,3.6549039872548263,3.437905325908822,0.7
PRS,23.49305534362793,0.31531337277722665,0.5016887078796084,0.34721779732422836,0.0
PRSO,0.9474999934434891,0.16210721680886106,5.58897189173014,6.882323808390756,0.7166666666666667
PRSU,40.17283325195312,1.7922574830097162,1.8368261517624809,1.4644993477444692,0.45
PRT,3.9775646726290383,0.3373689777361785,2.3013745936628633,2.3139103732601183,0.48333333333333334
PRTA,14.422749996185303,0.9215519392566052,3.7475579554967426,4.24202717960864,0.65
PRTC,18.65044994354248,1.0912794689057774,1.1768472701339006,1.7870475083923851,0.25
PRTG,4.705266670385996,0.8602721917648416,8.120712640799598,7.796370070198466,0.85
PRTH,9.916583315531414,1.3739791078531807,3.6793567587063247,3.1297191896444154,0.75
PRTS,1.087166670958201,0.13001399109044612,3.865273679767761,4.116343903340627,0.7
PRU,114.13668886820476,3.987636670386817,0.9687330773819671,0.67795221178468,0.13333333333333333
PRVA,22.689833291371663,1.920240970034902,2.114939825617552,1.2553102175944515,0.6166666666666667
PSA,297.2971654256185,6.31672908036334,1.0446973793737824,0.8031970505023307,0.21666666666666667
PSEC,4.2527391115824384,0.08435445524501005,1.0363188677753026,0.9857238452655783,0.18333333333333332
PSF,19.82406889597575,0.33516913680274696,0.34791554176561024,0.3444557543187615,0.0
PSFE,18.247499910990395,1.816453148931194,2.4347411070605176,2.871545914203499,0.48333333333333334
PSHG,1.6913333336512248,0.11925416619776262,2.0911020145380803,2.346867644523255,0.43333333333333335
PSIX,33.391999912261966,6.610594518866586,5.582622227714483,7.592408170237879,0.7333333333333333
PSMT,90.10666427612304,2.905038624120607,1.3907495404907022,1.5372646200295303,0.2833333333333333
PSN,78.72150039672852,14.740040047496471,1.5189405781846628,1.7167653400663956,0.35
PSNL,5.055749988555908,0.8310108493314113,5.647132551870197,6.762589405964138,0.7166666666666667
PSNY,1.0852833410104117,0.06596441391733175,3.7735279420606718,2.9444993994708537,0.7333333333333333
PSNYW,0.1961936667561531,0.02995715709250532,5.068613160102653,5.128729432692831,0.65
PSO,16.425500043233235,0.507314644948746,0.718079142869743,0.47863126261448297,0.03333333333333333
PSQH,3.6836666663487754,0.7047433684002045,4.133821132841096,3.9446355741950003,0.7333333333333333
PSTG,62.887167104085286,7.0019166005891975,1.8510953697683108,1.4889107868910687,0.4166666666666667
PSTL,13.085361607869466,0.5459112703819179,1.0893216762315965,1.5083072522167638,0.13333333333333333
PSTV,1.120666678249836,0.22687637509529976,7.400616967655813,22.319486325424748,0.7333333333333333
PSX,119.91257654825846,5.899052312890439,1.3481985224556874,0.9581074200263878,0.31666666666666665
PT,0.977833338578542,0.04854866162273934,2.964160422541864,2.5645300027469555,0.6166666666666667
PTA,19.65216671625773,0.2998726672680228,0.5240320657288466,0.4829290626052658,0.03333333333333333
PTC,177.2139996846517,12.696355229816325,0.840283844987283,0.6141998079591975,0.13333333333333333
PTCT,48.12233339945475,3.2984001611521716,2.64117358081612,2.96292608435429,0.65
PTEN,8.206625334421794,0.5930908605854371,2.435242961511385,1.5781840826580456,0.6333333333333333
PTGX,39.741333198547366,5.252015983776854,2.552879039795157,2.3551264555222766,0.65
PTIX,0.39723333393534027,0.11905004315171339,8.140050694553425,9.476517743448706,0.7666666666666667
PTLO,12.38216659228007,2.2586576810426613,2.8832988411364346,2.78476477685479,0.6833333333333333
PTMN,16.76083343823751,0.43113530402249034,0.771373129273627,0.6437860526743312,0.05
PTN,0.9728333363930385,0.14349322683865395,6.072462795966052,8.456640778509716,0.7666666666666667
PTON,8.364666636784872,1.1365128957887258,3.12678870193545,2.760335641657984,0.65
PTPI,0.25151666551828383,0.1104425167858735,10.636913448023783,21.98480316544311,0.7166666666666667
PTVE,17.671833356221516,0.18885176131930378,0.2272586485609161,0.21051058770689807,0.0
PTY,14.332117366790772,0.23427760307916373,0.2094033221210846,0.21359015834098827,0.0
PUBM,14.236249987284342,2.1248277427836753,1.6900785829987346,1.6757058429323393,0.3333333333333333
PUK,16.970499912897747,1.4225943244454629,0.8202292327389138,0.6263743718707685,0.15
PULM,7.153700009981791,0.9545664861541552,3.9259735779035076,4.4427225240298345,0.75
PUMP,9.013166650136311,1.0835920017921543,2.165959021728939,1.486464641103233,0.6166666666666667
PVBC,11.681333271662394,0.5942340672547833,1.3475071046358582,1.4207708286673046,0.2833333333333333
PVH,88.36535212198893,14.107626352343553,1.322478810012286,1.1104079043836605,0.3
PVL,1.454833338658015,0.0583235709198132,1.585139803325125,1.419239428174385,0.36666666666666664
PVLA,16.40033327738444,4.736717613232995,4.899940191505139,4.51553017286355,0.7166666666666667
PW,1.1943333367506663,0.09711448185107319,4.296271315465418,4.2896391223254176,0.75
PWOD,29.982904370625814,1.0253640541795572,1.1524527120880284,1.0161270659993136,0.3
PWP,23.460688336690268,1.9009796844018236,1.9546378698203626,1.4550354041187892,0.5666666666666667
PWR,300.2585299173991,32.900027350467724,1.5855683292802008,1.264666642872996,0.43333333333333335
PWUP,11.44238602837851,0.8288494670267504,2.2036297393134494,5.065969496494031,0.20930232558139536
PWUPU,11.916278972182162,0.6925149648075598,3.9824590469459635,7.336309082481586,0.27906976744186046
PX,12.85614709854126,0.6878435725934362,1.3689651982303326,1.2103420192125343,0.3
PXLW,0.7721666663885116,0.07694352212689702,3.099300129597181,2.9106919850402866,0.55
PXS,3.694800007343292,0.1961992843048556,2.0143051634217404,1.952213420385373,0.48333333333333334
PYCR,21.564166673024495,1.27833521859406,0.39563277517729273,0.6210244554586071,0.1
PYN,5.731956871350606,0.10286986693418243,0.4466308125075131,0.44077588980171484,0.0
PYPD,3.011716671784719,0.19418274312407877,4.407911283007005,4.239639940128923,0.6666666666666666
PYPL,81.27641677856445,7.997193602106861,1.1437054465280678,1.018555478802088,0.23333333333333334
PYT,22.736284891764324,0.24186642581964174,0.23347447332602117,0.5466984592788435,0.08333333333333333
PYXS,1.4260000010331473,0.20294662495015864,3.182915403614588,2.4483441782392807,0.7
PZC,6.735274227460225,0.08433103633140578,0.5584514822215836,0.5250881922558095,0.03333333333333333
PZG,0.3623166670401891,0.019443500152994567,3.3778088359601943,3.7073806554179285,0.65
PZZA,41.912207476298015,4.336738712918251,2.564440849397763,3.658555780505874,0.43333333333333335
QBTS,6.590333294868469,1.5328175836658766,9.700398927439316,9.501719081298987,0.8333333333333334
QCOM,161.9519063313802,7.488875278619883,1.3403555434007346,0.9663773681015021,0.3333333333333333
QCRH,77.93650042215982,3.419528429810326,1.1160105530990028,0.7786753765153067,0.18333333333333332
QD,2.834000007311503,0.15369017622186704,3.076701407943919,2.641573708964514,0.7
QDEL,42.36016654968262,2.613650560042992,2.0738032338310672,1.4813791571978376,0.6
QFIN,39.97666670481364,2.2674106322913645,1.9486289231058034,1.5071661774610672,0.43333333333333335
QGEN,42.63000005086263,2.9061897742855094,0.7675000940646923,0.610324315635263,0.06666666666666667
QH,1.410200003782908,0.0770207295379834,3.1672345884377764,3.0148591743858106,0.6
QIPT,2.792750016848246,0.2564719340245857,3.024875883373258,2.509315673112579,0.6333333333333333
QLGN,3.680816678206126,0.4778794757783846,3.3258971982105394,4.495409722384834,0.5666666666666667
QLYS,137.51099942525227,6.305046003182165,1.404368955063121,1.4129123485603374,0.3
QMCO,27.598999818166096,15.87851426215653,12.409192362129438,26.043884261251424,0.75
QNCX,1.6104166706403096,0.1839209345883567,2.934402382529014,2.8087779829467303,0.6166666666666667
QNRX,0.4320166692137718,0.14656369782221487,6.563864243428342,9.383626484053982,0.65
QNST,21.729666646321615,2.1517000371653063,1.991505703027561,1.6490139405324056,0.45
QNTM,5.1545833349227905,2.7190612853603042,8.914966269367596,11.692100757563006,0.8166666666666667
QQQX,25.99961535135905,0.8997616019240813,0.5628195839010246,0.597594364690672,0.06666666666666667
QRHC,5.358833352724711,0.8966457685283661,2.4843541170952657,2.2054795349112535,0.6
QRTEA,0.34295500045021377,0.04646983096720663,4.874649283545452,8.581740364876826,0.6666666666666666
QRTEB,3.6774699886639914,2.300081530716292,18.886157860359827,106.16431228517054,0.5166666666666667
QRTEP,33.857101376851396,2.293985895940101,1.7611545820681072,2.109886298227528,0.4
QRVO,75.68883349100749,5.903807678405294,1.7441730544841065,1.6066641865187057,0.4166666666666667
QS,5.095499984423319,0.4911225702952919,3.5278224243309824,3.13438957507508,0.65
QSG,2.2970666507879893,0.25721746308903853,3.4279129675888798,3.4497788753513294,0.65
QSI,2.0056666592756907,0.7526727236648917,7.943110588678782,13.371483696191246,0.7
QSR,64.22451877593994,2.278718923245764,1.179938245048541,0.9401697505975942,0.23333333333333334
QTI,0.42008033245801923,0.07835029035294357,10.072882634353801,12.909282084589584,0.7333333333333333
QTRX,9.034333324432373,1.448299371542295,3.206088368488955,2.7781398893691156,0.6333333333333333
QTTB,2.9400833348433175,0.5313759595009034,4.127585088780224,3.5893720507157334,0.7
QTWO,92.4744997660319,8.817380006264925,1.6091565924212126,1.423598917654943,0.36666666666666664
QUAD,6.639529991149902,0.6234787979117449,2.5344708018948805,3.862476421626178,0.5166666666666667
QUBT,10.54300000667572,4.753829320038777,8.984421574356652,11.973912782189164,0.8
QUIK,8.154166674613952,1.6253043499534001,4.386948980029019,5.747954779285925,0.7166666666666667
QURE,14.664333216349284,2.0275521470475666,3.7654885999469925,3.563069267769525,0.6333333333333333
QVCC,11.567671330769857,0.4207135400121406,1.0808617226149229,1.001623044073859,0.21666666666666667
QVCD,11.672808837890624,0.40832347781184414,1.0719639040227265,0.9943851214751802,0.21666666666666667
QXO,14.046166674296062,1.2879338194214716,2.2315820330013243,1.7162453069192205,0.5166666666666667
R,158.09520416259767,6.067628788242877,1.087700346940781,1.0756203680204572,0.21666666666666667
RA,13.158445851008098,0.10462621898303646,0.2927981409672154,0.26859072652647786,0.0
RACE,448.354665629069,26.000697023424177,0.7701050247289364,0.6643539199868966,0.08333333333333333
RAIL,10.035000006357828,2.062033379236493,3.473448402681052,2.974194616596635,0.65
RAMP,31.303833389282225,2.5536438684084657,1.3440449593697552,1.2047173222621308,0.3
RAND,21.916418584187827,2.8549504372264045,3.1688991814001595,4.613816309862398,0.5166666666666667
RANI,1.4751666605472564,0.12978498111108466,3.7904200752639365,3.609375605433579,0.6333333333333333
RAPT,1.2303833375374476,0.23007123002406826,5.727981182001979,7.038975775010408,0.8666666666666667
RARE,42.517499860127764,1.8673256347672846,2.1780512300244426,1.7043285017431438,0.55
RAVE,2.6588333288828534,0.17658888715599252,2.7075010916741156,2.7543930835612542,0.5833333333333334
RAYA,1.271316663424174,0.047908066470984195,4.476272844405857,4.661707057792729,0.5833333333333334
RBA,93.96783332824707,4.8031628295395175,0.9788293414314696,0.6735802414749976,0.16666666666666666
RBB,18.950744946797688,1.5071033130588836,1.7668314168614552,1.3700667409498817,0.4666666666666667
RBBN,4.233166682720184,0.3438531020654281,2.3980698956473927,2.0548304900609495,0.55
RBC,332.6086669921875,26.36807688960055,1.1163021403946531,1.110552528321279,0.2
RBCAA,67.54142913818359,2.4500263254892385,1.3815197417244864,1.1659499194988932,0.36666666666666664
RBKB,9.92590004603068,0.26345863454269913,0.40950153774993514,0.5010822676572715,0.05
RBLX,62.931166648864746,4.566312651182414,1.9770582584421432,1.9326571064243765,0.48333333333333334
RBOT,12.780166657765706,1.8940921334617318,4.988254281566417,5.520936231228394,0.6166666666666667
RC,6.518546787897746,0.6704046836509497,1.4853106826636449,1.1482710338079234,0.38333333333333336
RCAT,9.02733335494995,2.45409479061337,6.643981116834197,6.1820598455943,0.8166666666666667
RCB,24.18626677195231,0.20642841335970205,0.18535540862203942,0.27832711865354115,0.016666666666666666
RCC,24.37725566228231,0.15219668297744351,0.23356576128100087,0.3006843288502338,0.016666666666666666
RCEL,9.962833293279012,1.7078476846004191,2.8795424290908502,2.340184830021826,0.6666666666666666
RCG,2.624098539352417,0.1408143757313727,2.3000992185038744,2.451897952964258,0.48333333333333334
RCI,28.811166540781656,1.2893642710172446,1.0126595878081353,0.7104881269913621,0.15
RCKT,10.557833369572958,1.1449004613442113,2.46725254385317,1.8668359581659968,0.6166666666666667
RCKY,22.57225341796875,2.0463803901160253,2.102156845394977,1.208545748036364,0.6
RCL,238.99846318562825,17.183625260715882,1.413583084477816,1.4793503096912393,0.3
RCMT,19.94199999173482,1.6097451585979412,1.6863999565061933,1.2623527675522488,0.43333333333333335
RCON,2.0795000155766803,0.24094555310993107,3.1363415425067607,3.401741404313439,0.55
RCS,6.4878928661346436,0.4216635665728114,1.5275429062931065,1.3757477614170337,0.36666666666666664
RCUS,12.859666681289672,2.119956751525151,2.1887859580442335,1.8716669867804203,0.48333333333333334
RDCM,12.714666684468588,1.0087475500746281,2.4858185712466065,2.6874540108609444,0.5833333333333334
RDFN,8.120583367347717,0.9557031075012196,2.9019747411057435,2.492911049899904,0.6166666666666667
RDHL,5.36581666469574,1.3250364642368138,2.8828539185880087,2.982427892602512,0.5333333333333333
RDI,1.4463333229223887,0.1234229395259891,2.608433998607493,3.1300354903741394,0.5
RDIB,6.963046662012736,0.6657062313660456,3.9433416107360295,7.443355617841917,0.4
RDN,32.323709932963055,0.8925678146539604,1.063276857594705,0.7801966760089553,0.25
RDNT,63.33833325703939,7.892835269766474,2.1129003497259586,1.9585296258018874,0.43333333333333335
RDUS,13.600842491785686,2.3186670338871216,3.0746805241972823,2.0090167967167885,0.7333333333333333
RDVT,37.27611726125081,2.2513795958953016,1.7669242718484703,1.6990764687680133,0.4
RDW,17.33099996248881,4.482596930471502,6.023696244670416,6.53020871478286,0.8333333333333334
RDWR,22.387666734059653,0.7788096792558996,1.1552401677273332,0.9521957611649581,0.3
RDY,14.145999987920126,1.0458954574160881,0.662923460582563,0.5096099032608357,0.05
RDZN,1.5235666761795679,0.464590806732696,7.348067720126189,8.571264360993633,0.8166666666666667
REAL,8.281416646639506,1.5805044188311808,3.3543726766360322,3.253625067118428,0.5833333333333334
REAX,4.819500009218852,0.3669397060718295,2.599665840277048,1.8740803895413178,0.7
REBN,3.0774166842301685,1.621589900013142,11.57196309195825,19.00788101941653,0.8
REE,8.17643330891927,1.1992708056454897,3.4659562762203313,2.8140480158180172,0.7
REFI,15.580524524052938,0.3271563506975155,0.6761115170669133,0.6111388259853373,0.08333333333333333
REFR,1.5120000004768372,0.1479729726251346,3.9104281348499654,4.247809990772717,0.65
REG,72.44195912679037,1.796669960679911,1.0753823358459962,0.7452278086288808,0.23333333333333334
REGN,698.5748881022135,19.23327802106293,1.7249916894300954,1.6225884257915375,0.4
REI,1.320166673262914,0.10593223757769328,2.2235735407014063,1.93805989903156,0.48333333333333334
REKR,1.5867500007152557,0.4772302706847566,6.760630923376659,7.566010593815351,0.75
RELI,1.8830500066280365,0.48963824155274815,5.424236492262121,7.167692722114639,0.6833333333333333
RELL,13.316142066319783,0.5578546651923976,1.5763975548934903,1.6094727673354983,0.3
RELX,48.213333447774254,1.8882747527531545,0.6308438849787823,0.39438427704413614,0.03333333333333333
RELY,23.244666576385498,1.6295965563130634,1.620801931056184,1.4662958797424654,0.3333333333333333
RENE,11.72950005531311,0.05260473957478113,0.058641607416685816,0.1888999751857062,0.0
RENEU,11.669833199183147,0.0352367098586823,0.0,0.0,0.0
RENEW,115.09966659545898,2.9299591554317157,0.6178323583614828,0.4871323413720598,0.03333333333333333
RENT,7.285083293914795,1.6086820494863276,2.9213062533463487,2.4860167937142617,0.65
REPL,12.6221666653951,1.1392875326488658,3.406727436794444,2.872489839654815,0.65
RERE,2.8888333241144815,0.24235023340456877,2.5612679353829293,2.8529060471862264,0.5
RES,5.979582333564759,0.46540608972076736,1.9764914721003315,1.3400041835559906,0.5666666666666667
RETO,1.1259833335876466,1.094129554306799,10.2127215860693,24.90074375467583,0.7166666666666667
REVB,5.1457333167394,1.9506755815473813,7.121149524246075,9.380820580931045,0.7666666666666667
REVG,32.35651636123657,1.829783360501293,1.8372846823690054,1.6523753490368969,0.48333333333333334
REX,40.818666776021324,2.2121746412140104,1.2431395556527274,1.0683971969463066,0.31666666666666665
REXR,39.74224351247152,1.1364274656300029,1.3519314587152038,0.9858800687319652,0.31666666666666665
REYN,25.747836271921795,1.4320966514837006,1.1538430032467561,0.9723077106146876,0.2
REZI,21.687666797637938,2.252850331109303,1.3229866258405099,0.9508619619278407,0.26666666666666666
RF,23.463089752197266,0.9366184438944897,0.977070278632633,0.74030648702582,0.15
RFAC,9.35549754500389,2.499043197702831,9.674027048714354,29.524322090222704,0.325
RFACU,9.581249964237212,2.5691829121419496,10.63348197440315,27.5541140836835,0.375
RFI,11.77470006942749,0.2949889350559606,0.8188657621914313,0.6422746092434932,0.06666666666666667
RFIL,4.418666688601176,0.6243729366765335,3.4182614249501238,3.0354053354996857,0.7
RFL,1.9398333152135214,0.1261182063574808,2.735126533828735,3.026971928663041,0.5
RFM,15.141509930292765,0.2886405729278387,0.4176034056277562,0.41111652399178494,0.016666666666666666
RFMZ,13.70509311358134,0.3417204919742808,0.6566781655862174,0.47393838497093876,0.03333333333333333
RGA,209.11403274536133,13.1849236658804,1.3026847023681587,1.1153167261657047,0.21666666666666667
RGC,4.752616667747498,1.6754254721887125,9.00402931501848,31.259476571801756,0.6333333333333333
RGCO,20.402491919199626,0.6297677690507154,1.6807041159567788,1.439603391710981,0.4166666666666667
RGEN,155.31999893188475,8.429292177085026,2.3053371427267426,1.7052496530604606,0.5333333333333333
RGLD,142.43887023925782,7.199774828633332,1.1046986578253517,0.8645156499828242,0.25
RGLS,1.3413333336512248,0.1602650528055491,5.147672730066833,5.096465042374286,0.7666666666666667
RGNX,7.387333345413208,0.6784537886616887,3.4011480807384418,2.6967890840620243,0.7
RGP,7.941631746292114,0.5418754891985891,1.298017026363423,1.1098040681563321,0.38333333333333336
RGR,36.52186756134033,2.0097172158130627,1.1906283091453043,1.2945991192236892,0.23333333333333334
RGS,22.927833398183186,2.160877088526199,3.3103942563796283,2.928723185493617,0.7
RGT,10.896666638056438,0.23714031329894458,0.6761055920644269,0.5776253061000914,0.1
RGTI,11.613500022888184,3.1228719780736447,10.512270980948262,10.416224006040139,0.8166666666666667
RH,376.2358345031738,60.42734752332111,1.4204617851905228,1.2110638639533657,0.35
RHE,1.789804987112681,0.5669455368642323,9.475052921519923,12.672733292034453,0.7
RHI,63.70294672648112,6.2652230814602365,1.0911784386073775,0.8017762448357764,0.16666666666666666
RHP,102.35993296305338,3.484370724646936,1.1124999911628088,0.9259480324885271,0.16666666666666666
RICK,53.080000241597496,3.9051138337005558,1.5695431369172084,1.7313190476684368,0.3
RIG,3.581166664759318,0.4147372432441122,2.512033473397357,1.8482202550623223,0.55
RIGL,19.864333311716717,2.2226413017705338,3.146524617829919,2.8632797535284054,0.5833333333333334
RILY,4.659833327929179,0.5504467441378619,5.568764886676987,9.137008441629517,0.6333333333333333
RILYG,11.932478221257528,0.6017783927519684,2.8903074759875147,2.792211451274711,0.6333333333333333
RILYK,20.73852055867513,1.178839819191911,1.220772344890552,1.3515140480843741,0.23333333333333334
RILYL,5.89581667582194,1.1077346254107014,5.743632294281623,4.641899347332875,0.7666666666666667
RILYM,24.160432426296936,1.064819424684167,0.37645078813437755,0.5078485455808458,0.02040816326530612
RILYN,12.502698373794555,1.0201945245468587,2.0722471915454492,2.633432110190121,0.43333333333333335
RILYP,5.551933328310649,1.1213912400319468,4.998640848974415,7.064372246473767,0.7
RILYT,9.886598904927572,1.0316758052611177,3.9581959823305946,3.7207919553180373,0.7
RILYZ,9.083728488286336,0.9351049193310822,3.693207125161825,3.5260176130848953,0.6666666666666666
RIME,9.41483333905538,9.245277257074259,10.377901253929895,14.58991246312287,0.5333333333333333
RIO,59.063551839192705,1.8270819982183157,0.7306238866637697,0.6062143476369013,0.08333333333333333
RIOT,11.074249990781148,1.7410057205489935,3.7431600320648473,3.419693811181816,0.7
RITM,11.386285257339477,0.47908427419524596,0.936654787042674,0.6686949748771531,0.13333333333333333
RIV,11.809932963053386,0.29719915630005067,0.8516895220401893,0.5933558971795696,0.1
RIVN,12.947583341598511,1.2778208683070562,3.2893133773733205,3.028372225150362,0.6833333333333333
RJF,157.51676915486652,9.012855890588442,0.9057148215009303,0.6644047661287343,0.13333333333333333
RKDA,4.8523833354314165,0.9185213429826307,2.4480368630592086,2.5874116304943966,0.48333333333333334
RKLB,25.208416684468588,3.9507094337310438,4.665861321156794,4.905472707297228,0.7333333333333333
RKT,12.459499994913736,1.2259247864588696,2.5403758884436356,2.002769738501252,0.6166666666666667
RL,248.56827621459962,19.742518935786155,1.2870476361823522,1.1497711114345086,0.2833333333333333
RLAY,4.150583338737488,0.4847611624156949,4.937381070803675,4.505751817942036,0.8333333333333334
RLGT,6.841999999682108,0.2974323428992998,1.84008832723429,1.7107484768432744,0.45
RLI,76.9646115620931,3.4029858387236653,1.082922506662281,0.8736973114188016,0.21666666666666667
RLJ,9.685722557703654,0.3840019863139603,1.300075343862454,1.0793480234268888,0.25
RLMD,0.34819999982913336,0.06191439997682335,5.633880117383724,5.2914472032023365,0.7666666666666667
RLTY,15.11442494392395,0.47089201513209805,0.9917287135061058,0.7523912098567391,0.23333333333333334
RLX,2.228666667143504,0.1276252986328831,2.859267564076141,2.717611674008007,0.6166666666666667
RLYB,0.8411333292722702,0.11016433619291857,4.289953312626839,3.001624803428782,0.8
RM,33.777057552337645,1.951968678450298,1.6910810726513903,1.2918049717055464,0.45
RMAX,9.927833350499471,0.8193841011534971,1.7925980356632831,1.580065891859454,0.45
RMBI,13.25006170272827,0.7814265045421892,2.503961425823911,1.923789896435456,0.6833333333333333
RMBL,4.511166699727377,0.5674147430892049,3.742077892594342,2.9312311698142737,0.7333333333333333
RMBS,58.52383327484131,4.850013822216338,1.9825909561048214,1.5964350784947388,0.4666666666666667
RMCF,2.0160000046094257,0.4158172832122003,3.1117107092245653,3.114564130249212,0.5833333333333334
RMCO,1.068483324845632,0.07172109438353468,3.3592425958091137,3.229881382435775,0.6
RMD,235.29499944051108,7.726369070756877,1.1651925661375448,1.086828953629597,0.2
RMI,15.29355166753133,0.32408987711888076,0.46110474925931094,0.5154567048536458,0.03333333333333333
RMM,14.694500939051311,0.2573651286956839,0.38926217555513093,0.37340612271842255,0.0
RMMZ,15.351400327682494,0.43953119405614494,0.5713101068663655,0.7557063691223789,0.08333333333333333
RMNI,3.033583331108093,0.4257298647754872,4.404081820086522,5.613433049832066,0.6833333333333333
RMR,18.88437900543213,0.8700810963518506,1.1072175092986656,0.8064487290167269,0.23333333333333334
RMSG,1.9454000016053519,0.23794790422247075,4.551983445321665,5.843338553600191,0.6833333333333333
RMT,9.45101194381714,0.44021656822080246,0.6965507411894236,0.4858677505276639,0.03333333333333333
RMTI,1.9464999874432882,0.2175532499113339,2.6536785213932728,2.2068906507714807,0.6333333333333333
RNA,31.034000174204508,1.7676739140756195,3.1916961277762175,2.2822992527796253,0.7166666666666667
RNAC,18.552000061670938,0.9560505448897386,3.005626619339115,2.61010421215715,0.65
RNAZ,5.2199999451637265,3.187981523902374,13.63122127577419,36.55828150163191,0.7333333333333333
RNG,33.08150024414063,3.5318427220714512,1.541855875978468,1.2179742990458142,0.4
RNGR,16.17465786933899,1.237352115111581,1.587164622483934,1.380609291458537,0.35
RNP,21.183786582946777,0.5958996898969698,0.7743083290741648,0.49135379854797345,0.06666666666666667
RNR,243.68566563924153,9.74138347916622,1.074727312334048,0.8163878510118905,0.16666666666666666
RNST,36.328761418660484,1.6125584583366055,1.1381960723425713,0.9447552809641278,0.21666666666666667
RNTX,2.134666657447815,0.20823438209362688,6.800288954432189,7.876120613457215,0.7833333333333333
RNW,6.586500032742818,0.297185788996018,1.4546331174731726,1.1226749187299532,0.36666666666666664
RNWWW,0.18463333261509737,0.047059878356229344,7.909545603159668,10.905199210646858,0.5166666666666667
RNXT,1.2099666625261307,0.18194120057369484,3.4434714922414043,3.522563927973486,0.5833333333333334
ROAD,81.84016672770183,8.632878941249489,1.98960777244786,1.172305582854437,0.5833333333333334
ROCK,61.89783318837484,2.84469045293121,1.4661540451781432,1.3605634322996192,0.31666666666666665
ROG,91.5476666768392,9.224537310719034,1.6924144942155563,1.8777225836010205,0.36666666666666664
ROIC,17.40483856201172,0.06465524446609658,0.1224705110279076,0.10717310780929301,0.0
ROIV,11.028833373387654,0.5175167809463557,1.5633030926494094,1.1052687674951087,0.38333333333333336
ROK,282.4342928568522,11.140596218550927,0.9276461398152694,0.9554299152583196,0.11666666666666667
ROKU,80.81016680399577,6.072020023550241,2.351556464658008,1.842057903723722,0.5
ROL,49.0877051671346,2.1665776690809047,1.0592552696903095,0.8206336470205369,0.15
ROOT,99.97249972025553,23.782502572210316,4.64931190966395,4.20268488975945,0.7166666666666667
ROP,551.2537877400716,28.488524146082316,0.8423325035178683,0.7227004524605639,0.15
ROST,144.36216608683267,7.777904072174132,0.9037006406041921,1.1203737086588397,0.15
RPAY,7.257666659355164,0.6376398248035069,1.8799674020669592,1.9693847265764042,0.55
RPD,36.05766677856445,4.566102675941446,1.3521508108777005,1.1790576389326402,0.26666666666666666
RPID,1.9919166634480159,0.9276930997282453,6.545539418028173,7.008778109563968,0.7
RPM,123.35854517618814,3.213495309611691,0.9287818584552593,0.750172001695907,0.08333333333333333
RPRX,30.151411596934,3.1911851105020532,1.3787790208389556,1.2669879724793984,0.3
RPT,2.974933993816376,0.1729401986622498,2.0442818973473917,1.8719088344251185,0.5
RPTX,1.2542500038941702,0.0894186131321713,3.896494266225569,3.0598664283966044,0.7333333333333333
RQI,12.52012775739034,0.3883493257466958,0.8624045276752313,0.5955949085011161,0.1
RRBI,54.54729048411051,2.3668436175870444,1.2699141484124779,1.3211125065234994,0.3
RRC,37.395477358500166,2.0291670098509935,1.562713299986345,1.2770437315537497,0.35
RRGB,5.341833345095316,0.5427844515370651,2.6950938008961574,2.5747893807629136,0.6333333333333333
RRR,47.672000122070315,2.6315154181201232,1.5317804477386971,1.201124673711745,0.3333333333333333
RRX,145.63577117919922,15.346309337045039,1.2279608224056868,1.158996238542316,0.25
RS,282.3898747762044,10.325481124810935,1.0969372968529851,0.8842232540713385,0.16666666666666666
RSF,14.933698972066244,0.13084276998991717,0.48974951905518016,0.5864825935833043,0.1
RSG,218.0483367919922,12.221892628183726,0.8330007158232122,0.6236619188200051,0.11666666666666667
RSI,13.628500000635784,1.623516574948324,2.7184390609126186,2.082748732123623,0.6166666666666667
RSKD,5.0519999980926515,0.36221448249884164,1.8522817764965949,2.5076171363756337,0.3333333333333333
RSLS,3.1153833280007044,1.5707250531710146,4.011049460708722,6.487611699078458,0.5833333333333334
RSSS,3.642666677633921,0.42610198811640126,2.1464226649229485,1.7893341095061033,0.55
RSVR,8.139333367347717,0.5081334120655747,1.975675084016829,2.037708904530742,0.43333333333333335
RSVRW,1.0204500009616215,0.19576128626162653,4.3187323238331565,9.772720617500624,0.31666666666666665
RTC,1.540166666607062,1.2189428317753315,8.035981477003677,12.43879986320712,0.65
RTO,24.665500005086262,1.3535194444053664,0.9100587419995522,0.7478470512457559,0.2
RTX,123.18858960469564,5.788024592384,0.887744351800354,0.669063518514566,0.11666666666666667
RUM,11.060000022252401,2.1781620712139516,5.072250165730972,7.764025504002926,0.7166666666666667
RUN,8.847833307584127,1.2419904453229302,3.6763979497843815,3.1502658010956046,0.7166666666666667
RUSHA,57.458218320210776,2.6123909137440884,1.4278544384439726,1.106154311757649,0.35
RUSHB,55.18141352335612,1.5683801326788094,1.6784022114875452,1.5632424353845156,0.43333333333333335
RVLV,29.9563333829244,3.497590092213763,2.120526986560957,1.7269142721156725,0.55
RVMD,41.690666580200194,1.9870236637676335,2.0594464022301207,1.32071179836276,0.5333333333333333
RVNC,3.362000015803746,0.2569358628646456,0.6489486845349569,0.5598703158229738,0.02857142857142857
RVP,0.7613333354393641,0.06262232962325687,4.2541690750338255,3.6096992721363876,0.7333333333333333
RVPH,1.687166655063629,0.3031011417649734,5.429757818123857,4.390818658977966,0.8333333333333334
RVSB,5.479843219121297,0.2259850216363802,1.0771983548929644,1.198641589239357,0.18333333333333332
RVSN,0.8568833341201146,0.49594472587157684,9.908159296436734,16.533099900108834,0.6833333333333333
RVT,15.41180779139201,0.5917357105820253,0.7010064999619954,0.5530891073426367,0.016666666666666666
RVTY,116.0298672993978,4.909963169582588,1.4230521490125119,1.126454568764044,0.3
RVYL,1.2041666686534882,0.23321157824121,4.290249334906056,5.31972253768059,0.6333333333333333
RWAY,11.1915833791097,0.35173556184130744,0.8045355598669605,0.7388011401470814,0.11666666666666667
RWAYL,24.700677839914956,0.2520016876075651,0.2037531090563884,0.21287203811508207,0.0
RWAYZ,24.878822644551594,0.2048829060327512,0.12615582860293348,0.1522993348399863,0.0
RWT,6.476353764533997,0.1459688780067503,1.168670017713957,0.9082062889721899,0.26666666666666666
RXO,22.949499893188477,2.676110025832569,1.6258621144781757,1.2683736708665918,0.4166666666666667
RXRX,7.3932500123977665,1.1214372573603957,4.780592919312306,4.13592658641227,0.7
RXST,31.596833356221516,3.442737614773461,2.078730975220998,1.6160412017004926,0.5
RXT,2.465000013510386,0.2772078255874799,3.213527528295079,2.694492116058355,0.6333333333333333
RY,119.04599978129069,3.3131935855570487,0.7038842522738373,0.5795282140416883,0.08333333333333333
RYAAY,45.40333321889241,1.851035382066312,1.1325088362925586,0.9764652495707823,0.23333333333333334
RYAM,7.413166626294454,0.740230818015662,2.135410399734383,1.6865539165463386,0.5333333333333333
RYAN,66.430197652181,2.552307152203034,1.4543408752693012,1.407813271616791,0.3333333333333333
RYI,21.535608545939127,2.2212475445761664,2.111317031888417,1.9468177729094245,0.5166666666666667
RYN,26.336083316802977,0.6570756703187218,1.1709641491884666,0.6818328629340881,0.26666666666666666
RYTM,55.9035000483195,2.9171067329574667,1.9174413062892257,1.3974576671243744,0.5
RZB,24.433019638061523,0.18592852404718435,0.37564517100364425,0.7100272529490117,0.016666666666666666
RZC,26.074458249409993,0.19291442518336602,0.2867136641260946,0.309784923793291,0.016666666666666666
RZLT,4.629833316802978,0.4902601274443812,2.8254472247316715,3.0670036131649208,0.5333333333333333
RZLV,2.7494166771570843,0.8241713395782773,6.586007422713743,11.735974672359939,0.6833333333333333
S,22.314999961853026,1.6994504796343324,1.7299511723318877,1.7247515950589656,0.4
SA,11.846166674296061,0.677234824556574,1.9417500102949825,1.636550702541483,0.4666666666666667
SABA,8.938338120778402,0.17455618298475845,1.1760319426075279,0.8085470610244738,0.25
SABR,3.6176666657129926,0.3179012893607639,2.5307370049347977,2.7282648927195887,0.5833333333333334
SABS,2.748650010426839,1.0471497273172208,6.0230364901965086,5.833488296755458,0.8166666666666667
SACH,1.170666664838791,0.08769012056331127,3.0723220445105497,3.3704106686088386,0.6
SAFE,17.70227058728536,1.1832720102278327,1.7652633107253821,1.44787754577738,0.4166666666666667
SAFT,78.15681012471516,2.022705239086212,1.024955575177861,0.6512457879604322,0.11666666666666667
SAGE,6.805583333969116,0.8093130296283995,2.238743353308343,2.0859947426292873,0.5166666666666667
SAH,67.64881210327148,4.271234846451376,1.3088589755053315,0.8729846247892147,0.3333333333333333
SAIA,457.6274998982747,47.167103374044615,1.6876999220750402,1.4493758441970501,0.43333333333333335
SAIC,108.19139696756999,5.795033612266794,1.6380525481962236,1.7956008944623796,0.3333333333333333
SAIH,0.7287166684865951,0.14185980094617615,6.49780188302273,7.288415482762928,0.7833333333333333
SAJ,24.987507597605386,0.20861596943255067,0.22866693719219924,0.2276513003649796,0.0
SAM,256.5153325398763,26.76388855602594,1.3662163801162783,1.3694580128236236,0.25
SAMG,17.90076316197713,0.45989741443393894,1.2804552183406925,1.3790751737827938,0.26666666666666666
SAN,5.4184999704360965,0.7669263965309874,0.9057068840714103,0.7305572769143617,0.13333333333333333
SANA,2.714083335796992,0.6842456397918694,5.514553511507285,4.659913834001203,0.85
SAND,5.9453333457310995,0.3632376264334977,1.5122197483905595,1.1830989732904533,0.36666666666666664
SANG,6.454000004132589,0.9106942217941498,2.051551161588974,2.1376835425361764,0.48333333333333334
SANM,81.17249997456868,4.9222616344534,1.4803839982339497,1.2282987224736432,0.38333333333333336
SANW,8.05650003751119,0.995276927745997,4.779768762745165,7.222844248924498,0.55
SAP,268.3758326212565,15.55480964704087,0.8043436548118456,0.628703256824775,0.08333333333333333
SAR,24.05236047108968,0.6396537832405155,0.6179506842168723,0.5238254605456306,0.03333333333333333
SASR,32.58851388295491,1.6524580471484607,1.7678857316577152,1.6394485420375207,0.36666666666666664
SAT,24.353733507792153,0.22507831716077226,0.38132017853794825,0.5188293854890641,0.016666666666666666
SATL,3.272583341598511,0.5104552767895209,4.946211937955762,5.980787662438089,0.6666666666666666
SATS,26.590666675567626,2.814425819860519,2.2034652226565283,1.685688437668047,0.5
SATX,1.2965833405653635,0.21083637172881478,6.221379021220188,10.826211310638406,0.65
SAVA,2.5513333241144815,0.18903674120923708,4.571779705542359,4.188563630208404,0.8166666666666667
SAY,24.997533098856607,0.20043598871876048,0.1275879071998879,0.1372585056482559,0.0
SB,3.609500006834666,0.1341693520399823,1.7058205412606866,1.4649068897882178,0.4666666666666667
SBAC,205.6079900105794,8.313058376753514,1.0880910233687822,0.8305882438610889,0.23333333333333334
SBBA,25.149440002441406,0.06321781594779274,0.06802622822808675,0.06310176070936262,0.0
SBC,4.972983324527741,0.7584702648357143,3.3599671228385373,4.1169074530322805,0.5333333333333333
SBCF,27.358883539835613,1.1694903865824557,1.5728595922952748,1.0812106201819887,0.4
SBET,0.521499997874101,0.13077748397614142,6.605771311761382,8.194105193719164,0.8333333333333334
SBEV,0.17734999855359396,0.03363967176129571,6.352419326733372,8.187804697236945,0.6833333333333333
SBFG,21.3320281346639,1.3713529159758573,2.0365969123964387,1.761833722453955,0.5
SBFM,2.660866669813792,0.32372708758338775,3.3975396646086367,3.2109142701414637,0.7
SBGI,14.890199168523152,0.8649353696157065,1.858962405166961,1.4374786780181923,0.4166666666666667
SBH,10.318500010172526,1.0103412117730397,1.9458149223808094,1.6125883902142557,0.5333333333333333
SBI,7.771163034439087,0.09578539552319175,0.22635386649394248,0.2844510983281988,0.0
SBLK,15.334833399454753,0.5033404345047979,1.602491478323956,1.269660625524154,0.4
SBR,65.5678332010905,1.9961054538403324,1.118500407351395,0.9131739726089998,0.2
SBRA,16.596488285064698,0.31516589760311225,1.3030058614304318,0.9258124661308327,0.26666666666666666
SBS,15.78933334350586,1.094132678738859,1.0905446284607223,0.974762649568794,0.25
SBSI,31.00552625656128,1.1327688853846434,1.1249208289069645,0.942677595666971,0.2
SBSW,3.641333325703939,0.23276217469196772,2.1755552476561437,1.6198467056154102,0.5666666666666667
SBT,4.71166668732961,0.07317030919638784,0.7805475281304551,0.7202722522075907,0.1
SBUX,101.65287806193034,9.397543880998061,1.2537952175185316,1.152809949173784,0.2833333333333333
SCCC,24.161813926696777,0.21001884916709326,0.42624478318339754,0.4250459252663017,0.016666666666666666
SCCD,20.91013333002726,0.4002798092099227,1.109542278878322,1.1452474995335957,0.3
SCCE,19.73423328399658,0.39475230136512834,1.4097678446775523,1.620844315238069,0.3333333333333333
SCCF,19.68688325881958,0.24787557834957974,0.8167978000504302,0.9054818047023969,0.11666666666666667
SCCG,20.157699839274088,0.5946059937539349,1.0030042234985268,1.1522295730995513,0.18333333333333332
SCCO,93.15855344136556,2.8411413568741435,1.1894110271644924,0.9102989143236051,0.25
SCD,16.78109310468038,0.43111936263383377,1.235948578622765,0.8097134858364182,0.31666666666666665
SCHL,20.483620580037435,1.4677274923165518,2.27541421597427,2.0024991151458273,0.5333333333333333
SCHW,77.5848341623942,3.7873426172247786,0.9877524059158704,0.9789656605174378,0.23333333333333334
SCI,78.82267138163249,2.1381066202676418,1.1614372701323947,0.8944911716479625,0.23333333333333334
SCKT,1.348333340883255,0.13699351402443158,3.213331550559213,3.272889228181223,0.6
SCL,62.540683301289874,3.0520217413268385,1.3115449189562491,1.1360726653310766,0.3
SCLX,0.3905666671693325,0.06954910987170766,3.876894890380712,4.50317150465264,0.6
SCM,14.174843819936116,0.7466182125062568,0.8542288329369667,0.6976193869166706,0.08333333333333333
SCNI,3.4560999870300293,0.13041609307918894,2.4579133464632017,2.6606610468363883,0.5166666666666667
SCNX,4.1194000244140625,1.8666468144933057,4.513824179683974,5.137612571477629,0.6166666666666667
SCOR,6.597499974568685,0.6613562247245935,3.4110989268087413,4.863476994355781,0.6166666666666667
SCPH,3.328333342075348,0.17304062026073347,2.7510128546987667,2.121571639948175,0.6166666666666667
SCPX,2.8139999940991403,3.4886005717040343,9.18555891043703,13.872954767231144,0.7166666666666667
SCS,11.745165745417276,0.479050213313504,1.2825236106977358,0.9222366141035736,0.35
SCSC,43.166666666666664,6.087589013132585,1.4858271147993973,0.810964055560876,0.3
SCVL,27.57542282740275,4.635306905097146,1.6707869673382232,1.4533401928674985,0.45
SCWO,0.510166667898496,0.15550446628795972,3.960909382111197,3.479474545672905,0.75
SCWX,8.459705801571117,0.025027744751962445,0.13736824820885374,0.12379067206012252,0.0
SCYX,1.085466668009758,0.11639393978711016,3.411486991284724,3.493829564363878,0.6833333333333333
SD,11.754333321253458,0.6125693652438395,1.4805007950922544,1.3935920398604444,0.38333333333333336
SDA,7.4578333059946695,2.237470350704996,3.8885870577395414,2.870383273320757,0.7833333333333333
SDGR,22.181583309173583,2.3046839475053806,3.5913376719272723,3.35173469345548,0.6833333333333333
SDHY,16.25958817799886,0.23750063943912159,0.42028060055483635,0.32504698682155037,0.0
SDIG,3.5356666882832846,0.5580953434630749,3.7109287835237708,3.0153768727649823,0.7
SDOT,3.2672499974568683,0.368184139654653,3.8819559156645598,3.1287364452780415,0.7333333333333333
SDRL,33.12249987920125,5.261229072833778,1.538832163939405,1.2765338692852393,0.36666666666666664
SDST,1.9583666702111562,1.5533000317665002,4.632368115301509,7.2639449605765405,0.5833333333333334
SE,120.60600001017252,10.016841792404737,1.4836303732104168,1.5819958844724122,0.3333333333333333
SEAT,4.190083332856497,0.47349101323686027,3.0900567820318665,3.47372791910625,0.6166666666666667
SEATW,0.31095000058412553,0.0776797758905128,6.115511971831716,9.211377862652604,0.48333333333333334
SEB,2587.247867838542,174.10904002387417,1.6741893905315464,1.586288466880616,0.4166666666666667
SEDG,15.047333431243896,1.6656228680530176,4.7859530327202355,3.838765756454774,0.7166666666666667
SEE,33.411459573109944,1.4564008043342367,1.1683100766076562,0.9321376463175438,0.2
SEED,2.0808333257834115,0.18054815876405153,4.491866212687017,6.38670628234367,0.6333333333333333
SEER,2.25933332045873,0.14059240354439176,2.5368121152886647,1.505764435021001,0.7
SEI,28.53372278213501,3.1042504647708,3.622031166522334,2.9117158910168115,0.7
SEIC,81.52597109476726,3.459214509773664,0.7671430113484162,0.5780482515681169,0.06666666666666667
SELF,5.148333334922791,0.06348661474740594,1.0884218162963506,0.8684018033439486,0.23333333333333334
SELX,1.4886333465576171,0.10760716089872771,4.479427185581414,5.083833591186581,0.55
SEM,18.72883259455363,0.8337974596123179,1.5738399754786698,1.2187486888629286,0.35
SEMR,14.098499981562297,2.86929190552816,1.9053094459181363,1.8335422356321198,0.4666666666666667
SENEA,78.2206667582194,4.682525734277983,1.357993094194509,1.230405118350267,0.36666666666666664
SENEB,78.04749946594238,5.353171771617228,0.16622938802456044,0.6246815608278568,0.06666666666666667
SENS,0.7888166680932045,0.2478544893076324,7.520046318830576,9.623836832878105,0.7833333333333333
SER,4.825049988428751,0.3610136118328517,4.345970160150036,6.683922370206367,0.6833333333333333
SERA,5.884083330631256,1.6700196107289877,3.2123351833817937,2.410045675583709,0.7333333333333333
SES,1.0076499963800112,0.5097167492878223,8.9837799793707,14.843293371373056,0.65
SEVN,12.809838088353475,0.34534894979390546,1.5383263581389401,1.0137270517519603,0.43333333333333335
SF,106.8310551961263,6.030949988906658,1.0291370813331495,0.8393559305449443,0.21666666666666667
SFBC,51.902268409729004,1.4825543358853783,0.9782556658293252,1.616550193484975,0.21666666666666667
SFBS,87.6158275604248,3.264304334946099,1.3513815258377915,1.071433723100713,0.3333333333333333
SFIX,4.640583308537801,0.49408001835555687,3.3285227009687315,2.262176424765778,0.7
SFL,9.963333336512248,0.8159200923742947,1.3442911718948345,1.0199933603669924,0.3333333333333333
SFM,146.81033312479656,14.058001134686215,1.8272976386619797,1.631781974609998,0.35
SFNC,21.82470432917277,0.8812210354281285,1.2507399028707573,1.0894641128534455,0.25
SFST,36.336000029246016,2.5737027135720814,1.466485569498397,1.3545064794753696,0.35
SG,29.168500010172526,4.501024262400893,3.079648474377231,2.7049346830381182,0.65
SGA,11.739068714777629,0.49299422053986314,1.6788068527586526,1.5950581567008628,0.36666666666666664
SGBX,0.6376833314696948,0.16539714607790573,8.390267484484891,12.5906612164555,0.8166666666666667
SGC,14.954308652877808,1.1458894669500015,1.8646134332017612,1.4738519289267455,0.5333333333333333
SGHC,7.099833353360494,0.9492128727901898,2.019650015084876,1.8442516161279219,0.45
SGHT,2.956583336989085,0.3877719264043376,3.59704106943696,3.3864555936856124,0.75
SGLY,1.420833334326744,0.7427522990493782,8.20796279691198,17.893994858403218,0.6333333333333333
SGMA,1.5603333314259846,0.21285336495695245,3.4967477058522505,3.011284228292787,0.7
SGML,11.396833324432373,0.5332986306746597,2.6355679884906684,2.4382885829467784,0.5666666666666667
SGMO,1.3373333315054576,0.5352285081057727,5.77366349660075,5.705014947426415,0.7666666666666667
SGRY,23.059166685740152,2.242493605745113,1.602534328485198,1.6301759069432058,0.35
SGU,12.098422861099243,0.7762104197698517,1.7013022853323336,1.2234987526609358,0.43333333333333335
SHAK,115.71183331807454,13.392666731257666,1.6686899488875384,1.4786126735965703,0.36666666666666664
SHBI,15.419914054870606,0.8654683908783627,1.2436153948019757,0.8240098734801553,0.18333333333333332
SHC,13.129083347320556,0.7498430412074752,1.5200754240651768,0.9377711636158558,0.38333333333333336
SHCO,7.234333316485087,0.8149874594720271,2.2739774556129615,2.4665421708171347,0.55
SHEL,64.9907377243042,2.3255168228600622,0.6765456103608429,0.521390889663683,0.03333333333333333
SHEN,11.768999973932901,0.7283833955458439,2.0468363512945484,1.5406648610729052,0.5333333333333333
SHFS,0.388666666050752,0.050651311918452006,5.066656366673627,5.829561510666365,0.5833333333333334
SHG,33.73033326466878,1.2127667901734986,0.7714094103910022,0.6630127458161086,0.11666666666666667
SHIP,6.98799999554952,0.17663334647924492,1.770280685921393,1.5505147347758879,0.43333333333333335
SHLS,4.485666640599569,0.9319403736872797,3.790181779812916,3.834745135921527,0.7
SHO,11.260171635945637,0.6729884283951753,1.097787659690172,0.8470322344319378,0.2833333333333333
SHOO,37.91625105539958,5.104965518782589,1.146707278117205,0.8885450465538995,0.21666666666666667
SHOP,110.56183319091797,8.89324945107031,1.7944678362701343,1.6145685074837817,0.4166666666666667
SHOT,0.5626166676481564,0.11498783959898569,4.755765599292763,3.9130552132942777,0.7833333333333333
SHPH,0.706500003238519,0.14325914963729006,5.97480529913241,6.119734077828959,0.7666666666666667
SHW,351.6001271565755,9.677551944076848,1.0309106246281554,0.7796019605529056,0.21666666666666667
SHYF,11.219352213541667,1.2115799347999079,2.3275284802426848,2.7418439938915413,0.5
SIBN,15.948166704177856,1.6106680623927612,2.4707310882676223,3.0157693912533134,0.5166666666666667
SID,1.4959999998410543,0.09745426080476816,2.399090852535894,1.5172067622659895,0.6666666666666666
SIDU,2.857833331823349,0.9892911404050382,9.70259639466916,26.300230558914137,0.8166666666666667
SIEB,2.8234999934832254,0.2654670387322277,3.050678031967403,3.4830221480472354,0.55
SIF,3.47883335351944,0.3116520079292623,2.2107062157789854,2.8832844323027307,0.5166666666666667
SIFY,3.7163333654403687,0.7862229763546723,4.366094416171146,3.362641794914199,0.7666666666666667
SIG,61.70533332824707,12.153824379141327,1.7992505407490462,1.655529825021615,0.4666666666666667
SIGA,5.975333309173584,0.29481331575987146,2.299323828054398,1.6488095614531568,0.6
SIGI,88.1195307413737,5.050778111155366,1.2485278361103385,0.8005651038899171,0.3
SIGIP,17.669331741333007,0.40680451488061886,0.9237323477564913,0.8026607454057209,0.16666666666666666
SII,42.68933321634928,0.9168602836225725,1.3399206787895577,1.3077065136606985,0.26666666666666666
SILC,16.431666612625122,0.8751250661922497,2.6429060229106116,2.577401570808595,0.5333333333333333
SILO,1.4120999991893768,0.3496778429768826,6.751384766705221,9.987092374696914,0.8333333333333334
SILV,10.09150002002716,0.7468384875712749,2.463834577574166,2.0156736411450398,0.6
SIM,26.030333201090496,0.9015227585225755,1.0128407260593106,2.2691665733652115,0.18333333333333332
SIMO,54.4529998143514,2.4520224805730084,1.8769996076096624,1.6744762251683356,0.5166666666666667
SINT,3.4926666657129926,0.6057746374794931,5.888334212152331,7.716092660717873,0.75
SIRI,23.29001137415568,1.64920758237462,1.744431456442858,1.8648220836799287,0.38333333333333336
SISI,1.5999166627724966,0.6915817843212922,7.322105751713796,14.524909297785337,0.6333333333333333
SITC,14.69166668256124,0.8092922098989616,1.2782513658454626,1.1883208032366652,0.23333333333333334
SITE,134.61400082906087,7.229784610827411,1.4411290488996789,1.1734170662075951,0.36666666666666664
SITM,201.34308319091798,32.699164494829965,3.0902086193918543,2.9862919294720083,0.7166666666666667
SJ,0.920333331823349,0.08072600921514028,4.50044993034545,5.342786267617484,0.6666666666666666
SJM,106.92435569763184,4.462236431992624,1.5538262532213643,1.4097295439913704,0.36666666666666664
SJT,4.437333329518636,0.48409662382454877,3.060646665438094,2.779910537634075,0.6166666666666667
SJW,50.56931184132894,2.9472416079108634,1.4211923087306686,1.3283281991886233,0.3
SKE,9.81899995803833,0.6672123677673832,2.250141697659977,2.4767787561281174,0.4666666666666667
SKGR,11.645116662979126,0.024301649364604473,0.24775207943927527,0.9100303019626572,0.03333333333333333
SKGRW,0.5262999996542931,0.04543761328800052,3.239022004757999,6.0750277342267465,0.4166666666666667
SKIL,26.040166727701823,4.603502044573836,3.4544159298521437,3.505746713673059,0.6166666666666667
SKIN,1.5586666584014892,0.15020504249340297,3.7864423184428517,4.007382751911874,0.6833333333333333
SKLZ,5.734666673342387,0.6681004661712997,3.2568003522342015,3.022009782454749,0.6833333333333333
SKM,21.615166600545248,0.4770166742064211,0.5659557253006712,0.5324673655753781,0.05
SKT,33.75706132253011,1.093923413430846,1.0549632811256269,0.8343474525002722,0.2
SKWD,48.05324993133545,3.13778362063684,1.6428482380821776,1.4482780523437107,0.4166666666666667
SKX,66.9313336054484,6.01483044611615,1.501440567112066,1.3000731845296123,0.4166666666666667
SKY,95.6131664276123,6.470740847316104,1.6087817806866824,1.2820437729759275,0.4166666666666667
SKYE,2.850333333015442,0.26592429174388194,5.234964943789561,5.3294881571288135,0.7833333333333333
SKYH,11.30433333714803,0.8308215933151553,1.483169211993855,1.2300146380731838,0.38333333333333336
SKYT,10.912250034014384,2.237239409694479,4.899228734605719,6.964602632189326,0.6166666666666667
SKYW,104.3956672668457,9.886504895306173,1.7303337062417703,1.6387987840228904,0.43333333333333335
SKYX,1.4518333355585733,0.31305746600611845,4.666407949316026,5.602283500267495,0.7166666666666667
SLAB,135.99116630554198,9.471666131518983,2.0631887472622177,1.7341699617796837,0.55
SLB,40.13539613087972,1.701935957561873,1.438834188249322,1.1088950786587133,0.36666666666666664
SLDB,4.212916684150696,0.9788591589787408,4.587066204859365,4.765753952213655,0.6666666666666666
SLDP,1.4462500075499216,0.2988416939165113,4.8968143200434175,4.776948185659665,0.7666666666666667
SLE,0.550500001013279,0.10579296057210982,5.125676984636366,6.4880442414964765,0.6333333333333333
SLF,57.42683327992757,1.8059249015314547,0.8607907406085971,0.6522069370015824,0.15
SLG,64.58268871307374,3.243030437627814,1.4195518206287998,1.0777747483568065,0.36666666666666664
SLGL,0.7903499950965246,0.27087363757528515,12.223425743445302,39.065718311141936,0.8166666666666667
SLGN,52.822499910990395,1.5831999576184799,0.9680813570052308,0.6243515179800754,0.11666666666666667
SLI,1.473500003417333,0.12504432123486117,3.3712272629326425,2.6975240046142273,0.65
SLM,28.764969952901204,1.2743607644982353,1.462361233826409,0.9806067666878692,0.36666666666666664
SLMBP,73.29032758076985,0.9374273081383397,0.3674020445630333,0.4293729245527928,0.016666666666666666
SLN,5.4731666604677836,0.9632107682838295,4.3399245791432985,3.485773580382005,0.75
SLND,3.2903333346048993,0.16432657902413408,3.2764335214752025,3.3980276619233623,0.6
SLNG,6.208333317438761,0.9107783796363779,4.285590504682557,4.478609205688832,0.7
SLNH,1.7926666647195817,0.5262948046165334,5.184371631230316,4.976809186231384,0.8
SLNHP,8.033183288574218,1.4721519993887473,3.9131615397545563,4.716543628136905,0.5833333333333334
SLNO,46.97683334350586,2.2568340735047445,2.588717515818813,2.327804960844459,0.6333333333333333
SLP,31.008333206176758,3.2151522715454703,2.061114969694948,1.8341583980143608,0.55
SLQT,4.185166649023691,0.7461467704368788,4.709238920983483,4.442688737011584,0.7333333333333333
SLRC,16.459932216008504,0.5443568813088039,0.6608717743434246,0.6128306659811775,0.06666666666666667
SLRX,1.7315333445866903,0.5867562759910828,6.666789212985717,12.335853901575422,0.5
SLS,1.1449999908606212,0.17504761100427768,5.1006575378977415,6.399000128707123,0.7166666666666667
SLSR,3.4058666785558063,0.27974391773188984,2.2719418134289486,2.313717287764141,0.48333333333333334
SLVM,75.51487108866374,5.67548380610755,1.4062997295948725,1.0950742373348776,0.3
SLXN,1.5527833382288614,0.6298403108341433,7.672034613642301,11.44833370130002,0.75
SM,37.12057634989421,4.681694191527202,1.6857595532112057,1.2835225085234025,0.38333333333333336
SMBC,57.39444465637207,2.422291010855061,1.5408702750273249,1.408514356961372,0.35
SMBK,33.23578742345174,2.162605414881911,1.1490120170238107,1.1306338567628813,0.21666666666666667
SMC,40.09999993642171,3.143811472884058,1.762037754087134,1.8297069076263033,0.38333333333333336
SMCI,36.812333520253496,7.900512752156698,4.8666989796427025,4.058065403771417,0.7333333333333333
SMFG,14.8746666431427,0.46252015199681146,0.8008658856620886,0.6229141957825808,0.08333333333333333
SMG,65.97048206329346,4.296225323645242,1.3797917636639758,1.1735158075729093,0.2833333333333333
SMHI,6.342333324750265,0.6415147997537514,2.4605641039372075,1.6618025848739613,0.65
SMID,38.97083333333333,4.136578412451043,2.928055226515437,3.0180640876456333,0.6
SMLR,51.67650000254313,10.265154436341328,3.693626069274139,2.9695707902183974,0.7
SMMT,19.746500047047935,1.8906156012342008,3.94662907707473,3.1755578564687674,0.7333333333333333
SMP,30.150465393066405,1.445698628876826,1.1553265214812165,0.757320099479292,0.26666666666666666
SMPL,37.13949998219808,1.6314927880227763,1.4834960063783564,1.2760804560790728,0.31666666666666665
SMR,20.72166655858358,3.433911815045388,5.495290584828396,5.421608465749746,0.7333333333333333
SMRT,1.4893333355585734,0.18268247898287363,2.91224272291184,3.494298010090599,0.5666666666666667
SMSI,1.2733333319425584,0.20991003487048088,5.449180307230607,7.159047771615661,0.5833333333333334
SMTC,53.97483326594035,15.15420143113395,2.556918130187072,2.451295486429219,0.5
SMTI,34.12466656366984,1.7099294832779728,1.7216245604867868,1.6215782406679404,0.36666666666666664
SMWB,13.28383329709371,2.9888197673401007,2.7416177231125984,2.538199144957666,0.6
SMX,5.55897620121638,4.169653158249383,9.98551249439518,16.361456684761574,0.7166666666666667
SNA,340.1573811848958,7.279738401266843,0.8788025871718873,0.6279092357029041,0.15
SNAL,2.0141833384831744,0.42710675718826646,6.66974201698744,7.6171669277931,0.6833333333333333
SNAP,10.79250005086263,0.9030626004566332,2.436347315374305,2.0487315617536486,0.6
SNAX,0.6421000033617019,0.11893327520354502,7.079371728586497,13.210768920299778,0.6833333333333333
SNBR,15.201333276430766,3.3374388477220123,3.0491480597679703,2.6472036938378283,0.7166666666666667
SNCR,9.414000034332275,0.7066404536760248,2.999185275477777,3.3164962537230713,0.5666666666666667
SNCRL,24.85471665064494,0.09891277974827473,0.36199567525247167,0.4067301697031512,0.0
SNCY,15.801166566212972,1.239616970049005,2.2355974792218105,1.5877395605273588,0.6166666666666667
SND,2.287916668256124,0.14128957027324618,2.4840975229887152,1.9565345405934296,0.65
SNDA,23.68366673787435,1.044175798077287,2.113701561306446,1.8066883768176256,0.5
SNDL,1.742333326737086,0.11652419836768453,2.7527880867315515,2.0256237227591276,0.6833333333333333
SNDR,28.121195189158122,1.8920684274326804,1.0370830619830347,0.7123820512358552,0.16666666666666666
SNDX,14.079416640599568,0.9977657706576583,2.4536933444801465,1.6454806678999758,0.5666666666666667
SNES,3.0552666743596393,0.3026971371605406,5.231779677153634,5.758004308325056,0.6666666666666666
SNEX,109.47516632080078,9.185057972107744,1.5402130682108528,1.060518548436756,0.43333333333333335
SNFCA,12.439000002543132,0.4796238027715393,1.6313002615357,1.4512747856368038,0.4166666666666667
SNGX,2.5604999979337055,0.3476177400576018,3.0591385478336552,2.9660486320807737,0.6666666666666666
SNN,26.056333351135255,1.8656964149124016,0.8381393034205814,1.0879095495126092,0.08333333333333333
SNOA,2.6146666844685873,0.2791264148932083,4.008278358625757,7.28885205047342,0.6
SNOW,170.87866617838543,11.997617047787031,1.7574912081782876,1.4639325016332152,0.4166666666666667
SNPS,494.7529988606771,32.52882619475029,1.4389270279994804,1.0762934684238545,0.38333333333333336
SNPX,3.0984000047047933,0.33860532825393963,3.575148629341596,4.125243731153261,0.5333333333333333
SNSE,0.4772833317518234,0.0321522882265293,4.376687609393135,4.1468371208689305,0.7666666666666667
SNT,3.5673333326975505,0.19917218148114,2.470915262574556,2.7016121376901028,0.55
SNTG,1.8787333329518636,0.07816986832148963,5.966400277341743,13.366762374074042,0.6166666666666667
SNTI,3.996766686439514,0.48354884689114186,4.275355715010069,5.476171005506461,0.6
SNV,52.3390837987264,3.3949740776084876,1.2359886844730135,0.8051142527808844,0.36666666666666664
SNX,132.80409876505533,9.918842430849606,1.0495126021434982,1.0104582842963847,0.18333333333333332
SNY,52.52816658020019,3.5781651889932795,0.7586532133803439,0.7560921277504801,0.11666666666666667
SO,84.74918785095215,3.4196732470974665,1.0321578982094894,0.944964984228997,0.15
SOAR,4.4704000095526375,1.6415311354124538,6.320707587564624,11.811683850206258,0.7166666666666667
SOBR,0.918083327015241,0.17130034954564718,11.423713954807287,18.177745569915103,0.7666666666666667
SOC,24.996000067392984,2.682196942157416,2.8350538930145524,2.0334980606182422,0.6166666666666667
SOFI,15.009833319981892,1.5729488690666793,2.326206415955288,1.7557528460628526,0.6333333333333333
SOGP,2.0973166624704995,0.15635286181001457,4.458863087659008,5.030226751720878,0.7
SOHO,0.86749999721845,0.0751581594471797,2.763134740513459,2.6071006447117173,0.55
SOHOB,16.68243301709493,0.29391289960003114,0.7317849146941504,1.345756348879635,0.15
SOHON,17.048231633504233,0.32159302076176094,0.530299212270321,1.1139706494410941,0.13333333333333333
SOHOO,16.52783621152242,0.36943553947057606,0.5831718847095029,1.0217393846182843,0.11666666666666667
SOHU,13.319166739781698,0.7145540869026776,2.322088928195518,2.0872673062091294,0.5666666666666667
SOJC,21.992482312520345,0.2697373267265591,0.5239232788850539,0.43795680258232894,0.0
SOJD,20.822973028818765,0.2802722029657339,0.53928650913787,0.4326510573046299,0.05
SOJE,18.56267417271932,0.2633801709182595,0.5341791065399686,0.5561964350012609,0.06666666666666667
SOL,1.802833326657613,0.22314487210899472,2.9836572728040576,2.631268943183181,0.6166666666666667
SON,47.304022216796874,1.1527086328329792,1.18968784156088,0.7345002357158917,0.21666666666666667
SOND,3.0099999984105428,0.39240499134413903,2.9369919931267554,2.964087994891414,0.6
SONM,2.854266655445099,0.512056474067053,5.081270743577325,10.177386163267794,0.6666666666666666
SONN,1.5713333348433176,0.13350988024679486,4.6919771727451565,7.093226408966803,0.7166666666666667
SONO,13.732499980926514,0.9944020326090409,1.9069733959497412,1.593979294900862,0.4666666666666667
SONY,22.387833245595296,1.588399807091657,0.7001509016581237,0.5531906602798626,0.05
SOPA,1.5092499881982804,0.9924118966751778,10.845574280206117,20.490621324365762,0.7
SOPH,3.5118333299954734,0.4397641136525015,4.446201699270295,5.3613215517260135,0.7
SOR,41.97653923034668,0.4252217498322828,0.988754199918322,1.0668011997100995,0.2
SOS,6.473066711425782,0.8877790860038862,2.8993058901950985,3.2483086173999123,0.65
SOTK,3.9511666814486186,0.24290662564781307,3.2519831673335418,5.597668573833714,0.5833333333333334
SOUN,14.59058329264323,4.26505776074151,6.266853536579472,5.8911251181795805,0.8166666666666667
SOWG,2.620999987920125,0.3220698606584137,4.475142067454614,6.506767489786737,0.6333333333333333
SPB,80.82329584757487,4.558146412209977,1.1424899557204151,0.7650320500882026,0.25
SPCB,8.86299998362859,3.072832175884394,9.881955683837296,16.517293053183,0.8166666666666667
SPCE,4.849666647116343,1.0599166283514945,2.9567360651572825,2.47826852452976,0.5833333333333334
SPE,15.017855723698935,0.3940925063190002,0.7728860596631869,0.6456746412361033,0.06666666666666667
SPFI,34.86683781941732,1.3220771872389983,1.4253320252848842,1.4203231496076696,0.2833333333333333
SPG,174.26739018758138,6.1795460180172155,0.9287432857872188,0.5218714894477303,0.08333333333333333
SPGI,509.5506968180338,18.192363327034744,0.7464536776934942,0.48347090601522874,0.06666666666666667
SPH,19.571575196584067,1.6782765368441859,1.89065271675236,1.263887082757682,0.5333333333333333
SPHR,41.65449984868368,4.585717399618954,2.398082876048949,1.9352640953929676,0.6
SPIR,14.165833361943562,3.3398793782487335,4.791584860456063,3.874774166832772,0.7666666666666667
SPLP,41.301833407084146,1.187757831058647,0.7932358770671042,1.3522975928588201,0.23333333333333334
SPNS,27.006666723887125,0.8598288117047634,1.3021314353911757,1.2580459376016582,0.31666666666666665
SPNT,14.620333385467529,0.5013912143580586,1.4943792181770066,1.7853747513871392,0.31666666666666665
SPOK,15.960199467341106,0.3732066797772983,1.0398732563008297,1.0487865714710805,0.18333333333333332
SPOT,535.847001139323,67.34173846786999,1.7759771049933188,1.3669982452949558,0.4166666666666667
SPR,33.90866635640462,0.5739442348984455,1.0792256465896035,0.598503105250978,0.23333333333333334
SPRB,0.38674999872843424,0.024762622555786006,3.5292293502318306,3.459696360332577,0.6666666666666666
SPRC,0.4736999991039435,0.18377380373433735,8.890253465973846,13.244279717933418,0.7166666666666667
SPRO,0.8791166643301646,0.0997074255125188,2.917039103313546,3.6452287376507235,0.55
SPRU,2.688333336512248,0.2172031644007087,4.717782155064135,3.5119703269505576,0.8833333333333333
SPRY,11.78491668701172,1.1333054728139365,3.137094345136079,2.138275722588276,0.75
SPSC,167.76750005086262,25.45177954629357,1.3910823031902986,1.0503106996880176,0.3333333333333333
SPT,30.571333281199138,3.1903377263874986,2.104302422393037,1.9069593120658972,0.45
SPTN,18.9721666653951,0.9192625173610643,1.4209479696071008,1.4740729441179825,0.31666666666666665
SPWH,1.9598333438237507,0.4567475440872181,2.6877198646516636,2.8543620273660864,0.5833333333333334
SPXC,145.4408332824707,6.260500167530515,1.3464480927964964,1.0012035790676557,0.31666666666666665
SPXX,17.42910010019938,0.40872976965525937,0.5508554506259746,0.5246080320131491,0.05
SQFT,0.6947500030199687,0.07096774568898555,3.470750155915959,3.5836979092630235,0.55
SQFTP,14.575494543711345,0.7339809528850268,1.0704536623974146,1.1295174787996765,0.25
SQM,39.061333338419594,1.5939400957853045,1.5433466864098009,1.3121429011407653,0.38333333333333336
SQNS,2.887333341439565,0.4286251984267636,2.6593554911786654,2.0513962908947554,0.6
SR,70.58171456654867,3.7406122110712414,1.2130546297581983,0.8545354533514448,0.25
SRAD,19.963916714986166,1.7546347426379263,2.1232690598307813,1.6034808388536643,0.5666666666666667
SRCE,61.21645914713542,3.4504204160799925,1.1899053187355295,1.1671764774325746,0.2
SRDX,35.408333206176756,3.624928575274959,1.2987424860266925,1.2828732607371642,0.31666666666666665
SRE,80.99633344014485,6.356592325898207,1.1747207195251266,0.9977721504561776,0.16666666666666666
SREA,22.76615269978841,0.40986653776948617,0.5852506502686353,0.5391906757428573,0.05
SRG,3.794333338737488,0.251232752719709,1.7840785462084277,1.7093159365925346,0.45
SRI,5.285666640599569,0.6786957410356719,3.327457747888586,3.651239553605186,0.6
SRL,7.7430000384648645,0.5565228534443505,2.9159630229295135,5.602477196709404,0.4666666666666667
SRPT,113.77183303833007,8.221269345975653,1.8341377647726802,1.4826979181144238,0.45
SRRK,40.365750058492026,3.4215232561528532,2.96692573548549,2.226560869526397,0.65
SRTS,6.277999973297119,1.1731318871473702,2.9025810372452607,2.99466246470418,0.5833333333333334
SRV,44.80543231964111,2.070516363442384,1.2201538193500017,1.062907005022905,0.3333333333333333
SRZN,11.703750038146973,1.3295030668962184,6.924819182086209,5.516672745883634,0.8
SSB,99.68955116271972,4.815729475800744,1.0810297842976586,0.8299768224807513,0.23333333333333334
SSBI,7.649333357810974,0.48724009836673426,2.4579945560935426,2.2753215294004847,0.6
SSBK,32.824847825368245,0.9473704340579009,1.7181076318059145,1.579316712826035,0.45
SSD,166.34295654296875,5.066686281989951,1.18327532940016,0.8525741012334939,0.23333333333333334
SSKN,2.8415000200271607,0.13133702524479346,2.444818929960625,3.286180383318834,0.43333333333333335
SSL,4.62549999554952,0.2777854592527634,1.4722206562999423,1.161716521883897,0.4166666666666667
SSNC,81.28353729248047,5.036456817494082,0.9751415885244541,0.6872441355408888,0.16666666666666666
SSP,1.9865000009536744,0.32130891501541736,4.969640517226761,5.538995807269087,0.6833333333333333
SSRM,8.519833326339722,1.2966720240127794,2.5637695244103385,2.859644982208081,0.5333333333333333
SSSS,5.868999981880188,0.38362179981985634,3.105139500581868,2.900109033123584,0.6
SSSSL,24.259868303934734,0.14112298880741744,0.09568379389219979,0.30433280737554136,0.0
SST,0.697783333559831,0.14710258130554024,7.448372227099495,11.237532043852914,0.8166666666666667
SSTI,13.825083351135254,1.2378608574831722,2.9702235808287196,3.9131160840480543,0.5833333333333334
SSTK,27.314972813924154,3.996074594819638,1.9350277578839126,2.008446762528291,0.48333333333333334
SSY,0.927166669567426,0.10353891041609731,8.596221758622924,20.75350892826068,0.7166666666666667
SSYS,10.13733336130778,1.1352223121063312,2.508920489656224,1.9238513912034532,0.6333333333333333
ST,27.799118105570475,1.2165146629291936,1.4833253491254872,1.3585162866661125,0.31666666666666665
STAA,21.295500008265176,3.214192226986571,3.296779271647323,3.3972722057638847,0.5833333333333334
STAF,2.324778342247009,0.7005499199784694,2.4202439172737353,4.568517694361202,0.4166666666666667
STAG,34.505960655212405,1.1413337037020777,1.046842212893197,0.6938719625555696,0.15
STBA,38.551528231302896,1.5176320801603551,1.2436379041303265,0.9213391708553785,0.2833333333333333
STBX,0.8283833290139834,0.6503610012310409,7.009634754775136,7.7251866600840415,0.7166666666666667
STC,67.45299949645997,3.0774908135532466,1.2467248832460982,1.098267915790055,0.21666666666666667
STE,216.85499877929686,8.144740483449691,1.103182823341619,0.772223282622517,0.23333333333333334
STEC,0.950750000278155,0.3984217496629975,9.667882967699663,12.088138120705555,0.8833333333333333
STEL,28.419999980926512,0.8280279079809718,1.2766473159931329,1.0577009757000533,0.2
STEM,0.5831333334247272,0.19379460298193876,8.944328139399085,10.193557234871518,0.8166666666666667
STEP,59.54813919067383,3.7018744208413175,1.5733289389117624,1.3399060548468047,0.4
STEW,16.319448788960774,0.4182222794209683,0.6180762221346486,0.5011401546964573,0.016666666666666666
STG,6.2350166956583655,0.527947592356614,2.1858753802832536,2.5405068496400975,0.4666666666666667
STGW,6.419000013669332,0.2837175885358556,1.8503071497056571,1.5823539512963007,0.43333333333333335
STI,0.4132833336790403,0.15608022589356474,7.071736681398883,10.47773172498981,0.6333333333333333
STIM,3.081416684389114,1.3092950234460785,7.666435973626937,7.809289968817691,0.7833333333333333
STK,31.674373467763264,1.2213222256411094,0.7428591783227446,0.5630300284322773,0.06666666666666667
STKH,1.5265333354473114,0.1576166759105645,4.1984805857668634,3.431485499342229,0.7333333333333333
STKL,7.12383333047231,0.7052141123450787,1.8373720342660882,1.3738437148457798,0.48333333333333334
STKS,3.1544166763623553,0.3362006981094616,2.6088254248191434,2.4079412030430354,0.65
STLA,13.025833336512248,0.5162986422815801,0.9118228503893142,0.7707734688925215,0.13333333333333333
STLD,124.87617899576823,6.994219737156966,1.4588747818906873,1.151378997174688,0.35
STM,24.805000019073486,1.3549828050421977,1.378195510355353,1.1750551100365842,0.2833333333333333
STN,79.32700030008952,2.815317525625636,1.0505780221805516,1.2869511969224146,0.16666666666666666
STNE,8.909333332379658,0.6427567567827204,2.2022897604385046,1.8102291902936742,0.5166666666666667
STNG,46.39899965922038,4.962647287509036,1.6852639467001937,1.4842739272971142,0.43333333333333335
STOK,9.959166701634725,1.4543237906756035,3.424694612837206,2.6724324022318755,0.7166666666666667
STR,19.609344895680746,0.8859817098591237,1.3427145724446112,1.0023835526906786,0.26666666666666666
STRA,93.27668418884278,6.986684242329309,1.205225590757066,0.8655752513504216,0.25
STRL,150.0559995015462,25.55520810691014,2.2718488645063513,1.977591567885017,0.6166666666666667
STRM,3.643833339214325,0.3338966439568398,3.798870191086573,4.265961583326122,0.55
STRO,1.7821666647990544,0.2524618147172036,3.3090814626093765,3.0855925510092272,0.6666666666666666
STRR,2.199333349863688,0.08421928681704724,3.284247820018934,3.5774586415222775,0.55
STRRP,9.029198439915975,0.27089067367674535,1.3237830260960615,2.61255731745681,0.26666666666666666
STRS,19.527333354949953,1.2366686876794093,2.048237938151791,1.7682646393462544,0.5333333333333333
STRT,42.74033317565918,4.393232802454388,2.383147116630108,2.6988828168713614,0.5
STSS,1.074466663102309,0.8130020169531323,7.3223812870910585,12.76065212651439,0.5833333333333334
STT,96.79080734252929,4.103578413769815,0.9578054179467188,0.6942408490515987,0.13333333333333333
STTK,1.2289166768391928,0.13476860337126195,5.7805776978552075,5.828419839320647,0.7666666666666667
STVN,21.38733342488607,1.337578555623862,2.684099784490285,2.3479860800067582,0.6
STWD,19.451858393351237,0.5096861944240024,0.9651440199224877,0.7038118758224002,0.15
STX,94.76683362325032,6.405744263479007,1.346625447812569,0.91697804732127,0.35
STXS,2.2059999903043113,0.2067139765912393,2.8558626083434224,2.9896299096485337,0.5333333333333333
STZ,189.2383051554362,21.470075261037355,1.2896564308863603,1.371609782987441,0.2833333333333333
SU,37.629166730244954,1.8691025873542029,1.1975602518797004,0.9581848170950408,0.25
SUI,126.33264961242676,4.2971709565738685,1.2632919928596382,0.785907068674945,0.31666666666666665
SUM,51.62805567847358,0.7791765397623276,0.22223314380240217,0.34170511861096964,0.027777777777777776
SUN,54.91655654907227,3.02116649114273,1.361821036087892,1.0887467687093526,0.31666666666666665
SUNE,1.6391666665673257,0.8208477121601937,7.509827618195303,12.691507567836915,0.8333333333333334
SUP,1.9954999963442484,0.13250691767035586,3.547744977951984,3.9591574002508243,0.6
SUPN,36.11183341344198,2.788100032592708,1.6239213325343256,1.2916356020743016,0.43333333333333335
SUPV,15.476833391189576,1.7216198559464737,3.079689588762626,2.7557840031114544,0.5666666666666667
SURG,1.5106666604677836,0.20518176563678484,3.8773403016505577,3.104849124828806,0.6833333333333333
SUZ,10.105333312352498,0.38964717353844286,1.0334425392618156,0.8110140213658125,0.18333333333333332
SVC,2.6556325793266295,0.16360743905833816,3.072574167531661,2.572727078031764,0.7333333333333333
SVII,11.322250127792358,0.07136415900331927,0.02792198322829106,0.1144078299051789,0.0
SVIIU,11.44828356107076,0.17407836576179644,0.02213235830145336,0.13815819099457355,0.0
SVM,3.3191666483879088,0.3294555495215239,2.3154549354077707,1.9604722209654604,0.5166666666666667
SVRA,2.828999988238017,0.2342270996274969,2.649179610754067,2.8135152414537306,0.5
SVRE,1.8144333307941756,1.759343006539949,5.93487037805708,10.22629681963822,0.7166666666666667
SVT,10.755499998728434,0.2721912040661687,1.4485836654965212,2.4557038261343074,0.25
SWAG,0.9860833326975504,0.11628130414449685,4.1735209040206165,3.6418240440034175,0.6833333333333333
SWBI,10.416182470321655,0.4150305289928677,1.215212538043652,0.9654921983049239,0.31666666666666665
SWI,16.03199993769328,1.9471249713397316,0.8336086864077866,1.026673227378251,0.13333333333333333
SWIM,6.820916684468587,0.47477844149406306,2.8902162530056614,4.048383731303192,0.6
SWK,83.79834849039713,3.144546027588584,1.3614167240180561,1.0286326489881066,0.3333333333333333
SWKH,16.455166625976563,0.3622820725119279,1.0485696672011122,0.9422339921810391,0.26666666666666666
SWKS,79.44991467793783,11.312043482993397,1.5854931416600664,1.375993789254252,0.43333333333333335
SWTX,43.87399984995524,8.751894274389214,4.361561450902823,6.260588171120709,0.75
SWVL,5.286983315149943,0.6714739232470321,5.242719494067613,4.558976520244226,0.7166666666666667
SWX,72.90455551147461,2.920402694199587,1.0770033904158118,0.7428620670929111,0.18333333333333332
SWZ,8.432399988174438,0.5708944316488095,0.5766256211157796,0.6448545756574988,0.05
SXC,9.83420664469401,0.6361470454011471,1.24631415490001,1.0389730640013983,0.2833333333333333
SXI,187.66388041178385,5.244758984517978,1.243704308152491,1.0638216014466435,0.26666666666666666
SXT,72.55726852416993,2.785870710273952,1.1313167157344914,0.7839524230662648,0.26666666666666666
SXTC,1.274200013279915,1.614078091506214,9.084639244437817,23.360952608684357,0.8333333333333334
SY,0.8896666646003724,0.057900395264685475,3.4452728405122315,2.8439155079568668,0.6666666666666666
SYBT,72.55116640726725,2.7969491827723894,1.3255896289338944,1.0389570347326793,0.23333333333333334
SYBX,1.3807166655858358,0.06282862225752685,2.7893016450685137,2.653725915494011,0.65
SYF,63.85768871307373,5.056510197621765,1.131765218529312,0.7829996940038718,0.25
SYK,379.22386830647787,13.586545785089015,0.8886141507473723,0.6486835581509957,0.13333333333333333
SYM,26.057833258310954,3.2907907578621813,3.020213909743995,2.621971324045527,0.6833333333333333
SYNA,74.73900019327799,7.169412111704884,2.0586516549636995,1.8003310432215687,0.45
SYPR,2.005000001192093,0.2906974400291966,6.773922421509246,13.29372363667509,0.6833333333333333
SYRE,21.859500058492024,1.9236506010383674,3.1900824849301572,2.3351114667875503,0.6833333333333333
SYRS,0.17981666686634223,0.04768175443222803,9.745429851664456,15.853279880409112,0.8166666666666667
SYTA,4.971666638056437,1.822222201924729,7.487641057407453,9.001493096192862,0.8166666666666667
SYY,73.99480641682943,2.08358345047466,0.9613879665143822,0.7053494450480006,0.15
T,24.234516461690266,1.903551467377948,1.1454368866327087,0.7824254075278001,0.2
TAC,11.89549994468689,1.8007363435941746,1.8526568694220475,1.5756731086110936,0.45
TACT,4.2078333338101706,0.2724095431111752,2.496193711309022,2.4317246625885565,0.6
TAIT,2.5526446143786115,0.03532982046740643,0.9379797331987925,0.9733828182864013,0.2
TAK,13.662333345413208,0.6922291347549178,0.6704921335262226,0.4929635187781004,0.016666666666666666
TAL,11.77600000699361,1.861716207036496,2.4983712778512985,2.1140357547459567,0.5666666666666667
TALK,3.1832500020662944,0.38662840459009773,2.8668409378366984,2.435091504326326,0.6
TALO,9.504166666666666,0.7169780964742082,1.605821346121931,1.40630735911176,0.4166666666666667
TANH,1.1641666671882074,1.376076803632431,5.7699959452903125,7.273376197480285,0.7166666666666667
TAOP,0.3193333340187868,0.04802313886350093,7.041488535224998,8.27374738471262,0.7333333333333333
TAP,57.03120695749919,2.9297976887391877,1.0518679811940355,1.0479658772977782,0.2
TARA,4.613166677951813,0.7319824420094497,3.5007785517432364,3.1300444827923015,0.6833333333333333
TARS,50.08116683959961,4.126041477063051,2.6065478164820925,2.289497810495132,0.5666666666666667
TASK,15.606499942143758,1.3315915575833934,2.4622050307968433,2.4235751024500356,0.55
TATT,27.37533334096273,1.9442799982584391,2.7967321941696066,2.265626865660578,0.6666666666666666
TAYD,34.686499977111815,3.8200650762242487,1.9083396233783003,1.637794986970059,0.5333333333333333
TBB,23.88297519683838,0.14960686811779977,0.4379670046201054,0.3183688573988373,0.0
TBBK,55.44766693115234,3.6612021535647137,1.7486707313598446,1.6434188670634813,0.36666666666666664
TBCH,17.092416588465372,1.299035380396829,2.094892056621762,1.807053105834238,0.5166666666666667
TBI,7.305833315849304,0.996785308930792,2.206805242808106,2.074951750035633,0.5166666666666667
TBLA,3.579000000158946,0.38262995254874743,1.9304917795949832,1.607283321544505,0.4666666666666667
TBLD,16.791696294148764,0.5662482269574605,0.8255335785324645,0.6433211038477108,0.13333333333333333
TBNK,8.966001574198405,0.5753651217031184,1.6574952763155044,1.6262302368803454,0.43333333333333335
TBPH,9.380916627248128,0.38395700169695784,2.0767263376472247,2.1301376284211786,0.4666666666666667
TBRG,24.318666712443033,3.805145809755882,2.621978809430576,1.9256635730213596,0.6666666666666666
TC,0.9379999985297521,0.10678327631253726,6.756674042447758,15.961528799955259,0.75
TCBI,78.29000002543131,3.1779558615647714,1.3893419586702016,0.9306947688897507,0.3333333333333333
TCBIO,20.222124544779458,0.582027329636232,0.9912652899198354,0.8489447389469098,0.11666666666666667
TCBK,43.16513601938883,1.3914076591646125,1.1230439951693296,0.9508796483889198,0.16666666666666666
TCBP,5.7294000009695685,3.203863497042208,6.434470268533453,6.627739270452835,0.7666666666666667
TCBS,15.656138070424397,0.4907253283090956,1.5916762446732637,1.631363858719753,0.43333333333333335
TCBX,34.851583353678386,2.0348128809176975,1.641422155938535,1.5684184813519038,0.36666666666666664
TCI,28.28549995422363,1.0127642386466287,1.7648120427496194,2.260566748284027,0.4
TCMD,16.44600003560384,1.5175476003749642,2.0809965476439043,1.4567712395920525,0.5166666666666667
TCOM,66.79616641998291,4.5252403139844795,1.3474292918936115,1.3358689435893423,0.3
TCPC,8.806999985376994,0.42367951264011816,1.0533459176948272,0.8433128786434292,0.23333333333333334
TCRT,1.7218333303928375,0.174532632098928,3.4316737878962793,5.465541326471305,0.48333333333333334
TCRX,2.43125,0.4181403596582018,2.9366604447184437,2.9465530858358475,0.5666666666666667
TCTM,0.5115000029404958,0.17853697321284243,13.89505382319418,33.83112942933803,0.7333333333333333
TCX,17.217166662216187,1.7380833097884405,2.727115149984641,4.573642911512312,0.6
TD,56.63904851277669,2.9812382946389637,0.9315378364772221,0.8531838603033682,0.06666666666666667
TDC,28.636499977111818,3.9293120390479976,1.3089316613361361,1.51160533972295,0.2833333333333333
TDF,8.928166675567628,0.5351775609617568,0.9600280077895204,0.7020989967448381,0.11666666666666667
TDG,1316.1308329264323,34.95490291569589,1.2072768107829683,1.2745095713514407,0.23333333333333334
TDOC,10.305333375930786,1.459101845593811,3.5264067325948805,2.8597367188462712,0.6666666666666666
TDS,35.448333168029784,1.7630854743186057,1.6519799440684835,1.3899195890049558,0.5
TDUP,2.0977500041325885,0.4840423821920195,4.770352918297124,4.6880832132669354,0.7333333333333333
TDW,51.145833269755045,5.289968296445288,2.2369305232554426,1.8711330481522677,0.55
TDY,488.5140014648438,19.7368466934689,0.9261479677530691,0.8035751646052013,0.13333333333333333
TEAF,11.939299567540486,0.16276242148962305,0.5068529473885593,0.5120288359260851,0.05
TEAM,269.4170015970866,29.756907002970625,1.5878616154990475,1.426010636934129,0.31666666666666665
TECH,70.01968110402426,5.584583545286522,1.6440036508911833,1.2626292069099672,0.43333333333333335
TECK,41.42248249053955,1.3513108637706943,1.3526692437568566,1.1891050485189794,0.31666666666666665
TECTP,10.265775807698567,0.14339825472532286,0.312943868542729,0.5493205467456729,0.05
TECX,37.3916667620341,9.87738116042942,4.050047454950883,3.6043997751938335,0.6833333333333333
TEF,4.191166718800862,0.21412682834789729,0.6620997015513097,0.4038599977547188,0.03333333333333333
TEI,5.273097936312357,0.15370973371053745,0.7478147285371815,0.6006091131200545,0.06666666666666667
TEL,147.72099965413412,4.357161724367108,1.1289725493089027,0.8264431955525772,0.2
TELA,2.6731666763623556,0.18535095595963885,3.4809163327421633,2.344008245701916,0.7
TEN,17.394833262761434,1.161195538939353,1.8889461259960476,1.5907421215064403,0.5
TENB,39.95283349355062,2.2224241499215456,1.5343458152420948,1.220490309007784,0.35
TENX,6.322833339373271,0.49273505741426976,3.2548918991037867,3.05359960459346,0.6
TEO,12.168333355585734,0.9253615194656033,2.8984861118106413,2.778896922330737,0.5666666666666667
TER,119.10007832845052,13.145685736581878,1.7222497156057635,2.038844784444365,0.4666666666666667
TERN,4.6020000378290815,0.8913128147348116,2.77218677817845,2.136563871702916,0.6333333333333333
TEVA,18.88016668955485,2.6081006351917417,1.6199988155670846,1.8430962090378045,0.31666666666666665
TEX,44.64697812398275,2.9264206920866105,1.6436767624003104,1.4063492382872738,0.43333333333333335
TFC,44.65009727478027,2.215889407631011,0.8291123417656269,0.591957346410453,0.05
TFII,121.43793551127116,22.20056760201126,1.0352282536358752,1.0059693288746778,0.2
TFIN,78.62599976857503,11.188450324974959,1.7055480123431646,1.462748491934776,0.43333333333333335
TFINP,22.799647013346355,0.3947933908415681,0.6118515592820878,0.7960739632151078,0.15
TFPM,16.359500026702882,0.9819290471397507,1.406107264525753,1.0694482888956978,0.36666666666666664
TFSA,23.841453393300373,0.27787456766997526,0.42762555196713425,1.6300299547307606,0.05
TFSL,12.638900550206502,0.45924950393895286,1.0372189795122009,1.013989788079979,0.18333333333333332
TFX,168.52889353434244,16.66779858415028,1.33983343115289,1.078706812077831,0.31666666666666665
TG,7.710499993960062,0.33575498079647037,2.216936839637137,1.577611996048618,0.6333333333333333
TGB,2.042666655778885,0.10669061944612762,2.353248791630442,2.2405329557338076,0.5166666666666667
TGI,21.852666695912678,3.3295280708489314,0.8082057745331379,0.9224216754452633,0.2
TGL,0.1846999991685152,0.04223477798209708,6.784292422821802,6.263864721425338,0.8
TGLS,75.94687449137369,5.560609373378871,1.3604391598005405,1.3434930500911613,0.3
TGNA,17.93610413869222,0.39998309996737613,1.2797691516455736,1.3689761086415335,0.26666666666666666
TGS,28.065666739145914,2.192795390341402,2.5606705482258922,2.3666732455550186,0.55
TGT,129.3385045369466,8.776373276485582,1.1549866999688916,0.9288801199091928,0.18333333333333332
TGTX,31.98399985631307,2.864048860680666,3.2344749923868497,3.5474063961654863,0.6
TH,8.641749986012776,1.8095343965703086,2.8409079806435105,2.894980763468227,0.5833333333333334
THAR,1.8917666574319203,0.2467951420750515,2.9016603877488873,2.901920190931936,0.5833333333333334
THC,131.51800028483072,6.245674589738536,1.852018570690945,1.4746716600191774,0.5
THCH,3.2203333338101703,0.21325505770512349,4.9862989209207536,4.773426682615306,0.6833333333333333
THFF,48.5486536026001,2.6047445588902063,1.2772972375293674,1.122439573039909,0.2833333333333333
THG,157.7080047607422,5.975155007903165,1.1019366851119667,0.7802314074804778,0.2833333333333333
THM,0.4964999988675117,0.05156953237203932,3.270222345491279,3.6705823351544415,0.65
THO,97.09019571940104,7.019133665865585,1.6231123546779702,1.5954178664694552,0.4
THQ,19.912524700164795,0.9669022691848688,1.0720565790240861,0.6581533110008866,0.18333333333333332
THR,28.88350009918213,0.9023686663468027,1.5067536307277332,1.441800840513027,0.3
THRD,6.168250000476837,2.9762253622937997,3.527713593466884,2.807109146460525,0.75
THRM,36.737666829427084,3.195339295137654,1.6002851952147377,1.1611694855872812,0.36666666666666664
THRY,16.565333334604897,1.7652190408665425,2.1667360572705543,1.5580673511145284,0.6
THS,33.05683323542277,1.9438907189649977,1.7074631615472233,1.3688994661812226,0.38333333333333336
THTX,1.7006666660308838,0.14416271051002805,3.180926326220765,3.105113502370839,0.6666666666666666
THW,11.5492351214091,0.4435677709779494,0.7829076631406867,0.5414627686451378,0.1
TIGO,26.30498603185018,1.8157570730153536,1.326457068002126,1.1096745641200128,0.3333333333333333
TIGR,7.133500027656555,0.6482587613307013,3.150016040264828,3.0209181503534306,0.5666666666666667
TIL,21.02191670735677,2.198293319625908,4.899630406116527,5.674944018650801,0.7666666666666667
TILE,22.735666624704997,2.2689280327585615,1.454993127962905,1.0097107954948235,0.3
TIMB,13.239572525024414,1.242143630398799,1.1447821269293785,0.8641560790529366,0.25
TIPT,20.70771754582723,1.195384060834049,1.767809815850621,2.173064874903567,0.3333333333333333
TIRX,1.6629999995231628,0.1159571761316324,4.915353225928622,7.915535982807414,0.6666666666666666
TISI,15.942999903361002,1.5540809357554057,3.8294808857074267,2.7947874922926315,0.7166666666666667
TITN,16.032499933242796,1.9944410470817386,2.5835205418487956,2.011036056318439,0.65
TIVC,5.309616669019063,1.985367680612027,8.21514325112019,11.038685775423037,0.85
TIXT,3.5168333371480305,0.42448985582170157,2.674557831536609,2.6193004408818155,0.6333333333333333
TJX,121.9432586669922,2.8110532149287604,0.6721106914116367,0.5201987033902454,0.05
TK,6.88683332602183,0.4002936163735527,1.5584307375714264,1.2858633409677185,0.4166666666666667
TKC,7.077833326657613,0.343283601148277,0.9613950096166496,0.6050900957049687,0.15
TKLF,3.5310333371162415,0.21004023603925914,3.3306957447238097,3.598372964435586,0.6333333333333333
TKNO,7.892083358764649,1.2151726343788776,5.174045288073533,5.120458111330224,0.7666666666666667
TKO,151.1600461324056,10.537149355449879,1.6784659364474879,1.3417145350091788,0.36666666666666664
TKR,76.48856658935547,3.859471568137177,1.2608142810810483,1.1304705426886963,0.25
TLF,3.3954341888427733,0.2614213635913342,1.662362671262707,2.30499232449646,0.38333333333333336
TLK,15.910333315531412,0.7285897904294862,1.0380828128317148,0.884283473488456,0.18333333333333332
TLPH,0.6071666667858759,0.055919336923567466,5.4900820649480035,4.224170144406912,0.7666666666666667
TLRY,1.0443333297967912,0.25360314594479194,3.285076702699856,3.7488960329844585,0.5833333333333334
TLS,3.2238333503405254,0.267428124340649,2.4565761519020826,2.260602152544764,0.5666666666666667
TLSA,0.8946666677792867,0.2727114882321421,5.988481053814434,5.99704555336046,0.6666666666666666
TLSIW,1.2557999978462855,0.23283712297044268,7.313540547685566,10.105062108038176,0.5166666666666667
TLYS,3.911333362261454,0.4150681336410389,3.384553722705698,3.210667634326602,0.65
TM,185.32783279418945,5.901652775957973,0.5109123181218607,0.45000869751491857,0.03333333333333333
TMC,1.5194833377997081,0.40080732551765125,5.454730391571508,5.6436268048529215,0.7833333333333333
TMCI,8.75566664536794,1.1368686302441635,2.7802646731350027,2.942215285082598,0.65
TMCWW,0.16129999880989393,0.05250914231720477,10.43445412671358,9.828003073823588,0.7666666666666667
TMDX,67.4633332570394,5.555240024052952,3.388875295700318,2.7968061807390034,0.65
TME,12.0021666208903,0.8921529823977337,2.05505696804719,1.765089309823525,0.48333333333333334
TMHC,62.45816701253255,2.264709524405372,1.4019661597695352,1.1634417000479467,0.25
TMO,542.9700180053711,24.23310387201224,1.161726212316915,0.8705810393501302,0.2833333333333333
TMP,67.59061578114827,2.541448243811929,1.5407076152149386,1.1163437973498136,0.35
TMQ,1.272833337386449,0.13946434582206263,3.264163818575652,3.6176584308640023,0.55
TMUS,238.6727190653483,21.354324949835803,1.1758902404416047,0.8127544310988716,0.25
TNC,84.17939325968425,2.571696243751962,1.3515221248485234,1.0034278427374999,0.3
TNDM,32.10758345921834,6.604028403350845,2.506032065137605,1.833421600065088,0.7
TNET,85.05361048380534,9.049595963936131,1.5603559472657857,1.2631826187885369,0.36666666666666664
TNFA,0.8562499975164731,0.38487463945859784,5.004065945307256,4.767212121274389,0.7
TNGX,2.7064166446526845,0.45771086044923825,4.180822736672786,3.7523529407791383,0.7666666666666667
TNK,40.43916664123535,2.6351624369524806,1.8845116885489734,1.477074822679791,0.45
TNL,53.104333368937176,2.676131847543568,1.1009748217735797,0.9471055814555579,0.2
TNMG,3.7624833484490714,2.2714853627369043,11.29209933934756,19.52498045261519,0.7
TNON,1.6091833343108495,0.27139617942222044,3.1956570697553457,3.2136752146940166,0.5833333333333334
TNXP,23.806500029563903,13.801666270755002,12.668648821073853,19.899653159970242,0.7333333333333333
TNYA,1.1622166618704797,0.3953147351339277,4.871172895215545,5.229983173508049,0.7
TOI,0.626133331656456,0.2742549576425871,9.238614543915535,8.921884450017117,0.8166666666666667
TOL,123.70852241516113,10.29552946985238,1.2504492608967623,1.0577508387733525,0.26666666666666666
TOMZ,0.942833325266838,0.11532695026153068,5.597895515268027,6.513420292199238,0.7166666666666667
TOON,0.5693000013629596,0.04440769547849545,4.83677816123869,4.989012702276324,0.75
TOP,1.392583328485489,0.11050268483771326,2.491912566266853,2.5697307343225044,0.5166666666666667
TOPS,6.2336666822433475,0.39820834503250774,2.6118289821069456,2.019788277419238,0.6833333333333333
TOST,37.87433350880941,2.2239537775806197,1.7791516644832666,1.348827540013097,0.45
TOUR,1.016083326935768,0.03987116784431981,2.6756671161989543,1.9852084055365118,0.6833333333333333
TOVX,1.4333333293596904,0.17214012945498408,5.2306786460197365,7.6637913979254355,0.5833333333333334
TOWN,35.13739185333252,1.3721337783224479,1.2841418804746707,1.0014609300690003,0.25
TOYO,3.2170833309491473,0.30903469904433545,3.753030536135799,3.878630017003144,0.6333333333333333
TPB,62.107079633076985,4.900224447095665,1.903471163619916,1.803118493711278,0.5
TPC,24.677666568756102,1.5235061185449388,2.460365083121763,2.9798110316933486,0.55
TPCS,3.1671666741371154,0.32642556612914064,2.8524238734382146,3.1216322242846823,0.5166666666666667
TPG,60.498294258117674,6.1779716918467305,1.3267423453622214,1.0177302166436104,0.3333333333333333
TPH,35.05916655858358,2.4431314079870883,1.2945640261170872,0.9121969199692032,0.31666666666666665
TPIC,1.4476666748523712,0.2991215837731436,7.7158375842577795,15.243315717261272,0.6833333333333333
TPL,1300.35400390625,92.31480392481949,2.145323769555278,1.5972710900560976,0.5833333333333334
TPR,73.91124515533447,7.8223567912145,1.4315282928620057,0.9763425776368225,0.36666666666666664
TPST,0.8703166703383128,0.06392873324609452,3.7113621807406414,3.382097204794135,0.6666666666666666
TPTA,16.045185740788778,0.8623620274219365,1.1100617924981848,1.8221119730393969,0.26666666666666666
TPVG,7.657666691144308,0.31308339138980373,1.2467055401221876,1.1644702988305422,0.25
TPX,60.15857054392497,4.3955590985067055,1.4868515240679767,1.2198915353850106,0.36666666666666664
TR,30.584378242492676,0.7787254980431015,1.368283217320944,1.0380375739776802,0.3333333333333333
TRAK,21.14488671620687,1.2065857362671972,1.6789247505113718,1.5728455037930051,0.4
TRAW,6.239333307743072,2.5750662152471877,6.437753257596869,9.821551779212834,0.6333333333333333
TRC,15.790000009536744,0.39421236453741976,1.3451743306095874,0.9925020133307324,0.3333333333333333
TRDA,13.809333276748657,2.4286181660433734,2.5465774827187184,1.8990517996956955,0.6166666666666667
TREE,42.227333323160806,3.5114068754670953,2.773150492956895,2.6726673075899576,0.6833333333333333
TREX,67.22199993133545,6.146449503269289,1.317158089872257,0.9478318098992892,0.36666666666666664
TRGP,194.14079462687175,11.909499237634819,1.433013919878651,1.0777428984282125,0.36666666666666664
TRI,168.39933395385742,7.253700037633868,0.9368825479368946,0.98808173988205,0.11666666666666667
TRIB,0.8226666629314423,0.12425601214023077,4.47396667629983,5.205866914927119,0.65
